00000, 00000, 0.000003, 0.000039, 0.999859, 0.000077, 0.000023, 1, 1575479077.773601,
00001, 00001, 0.000004, 0.000032, 0.999724, 0.000174, 0.000067, 1, 1575479081.3816364,
00002, 00002, 0.000002, 0.000032, 0.999850, 0.000084, 0.000031, 1, 1575479083.643594,
00003, 00003, 0.000002, 0.000036, 0.999877, 0.000059, 0.000026, 1, 1575479087.923008,
00004, 00004, 0.000003, 0.000027, 0.999812, 0.000105, 0.000053, 1, 1575479090.850507,
00005, 00005, 0.000007, 0.000038, 0.998759, 0.000867, 0.000329, 1, 1575479094.9052646,
00006, 00006, 0.000003, 0.000029, 0.999627, 0.000225, 0.000115, 1, 1575479100.3935187,
00007, 00007, 0.000003, 0.000033, 0.999791, 0.000130, 0.000044, 1, 1575479103.4021332,
00008, 00008, 0.000005, 0.000038, 0.999295, 0.000471, 0.000191, 1, 1575479106.5593853,
00009, 00009, 0.000007, 0.000045, 0.999507, 0.000337, 0.000104, 1, 1575479109.2434225,
00010, 00010, 0.000004, 0.000037, 0.999799, 0.000121, 0.000039, 1, 1575479111.9275148,
00011, 00011, 0.000004, 0.000033, 0.999735, 0.000170, 0.000058, 1, 1575479114.680063,
00012, 00012, 0.000002, 0.000034, 0.999916, 0.000032, 0.000016, 1, 1575479117.902047,
00013, 00013, 0.000004, 0.000031, 0.999511, 0.000294, 0.000161, 1, 1575479121.4758246,
00014, 00014, 0.000010, 0.000041, 0.997468, 0.001779, 0.000703, 1, 1575479125.935205,
00015, 00015, 0.000006, 0.000406, 0.999540, 0.000037, 0.000011, 1, 1575479132.619008,
00016, 00016, 0.000055, 0.971106, 0.028312, 0.000480, 0.000047, 0, 1575479138.5154042,
00017, 00017, 0.000002, 0.000028, 0.999877, 0.000062, 0.000031, 1, 1575479145.068256,
00018, 00018, 0.000002, 0.000040, 0.999891, 0.000048, 0.000019, 1, 1575479151.075652,
00019, 00019, 0.000002, 0.000032, 0.999879, 0.000058, 0.000029, 1, 1575479155.4632826,
00020, 00020, 0.000002, 0.000028, 0.999844, 0.000083, 0.000043, 1, 1575479159.2375655,
00021, 00021, 0.000004, 0.000030, 0.999418, 0.000360, 0.000189, 1, 1575479163.2371912,
00022, 00022, 0.000009, 0.000035, 0.999353, 0.000405, 0.000199, 1, 1575479169.4639254,
00023, 00023, 0.000015, 0.000073, 0.993672, 0.004873, 0.001367, 1, 1575479174.0202706,
00024, 00024, 0.000002, 0.000038, 0.999896, 0.000041, 0.000023, 1, 1575479178.747516,
00025, 00025, 0.000001, 0.000049, 0.999917, 0.000022, 0.000011, 1, 1575479184.4055884,
00026, 00026, 0.000001, 0.000047, 0.999912, 0.000027, 0.000012, 1, 1575479188.762087,
00027, 00027, 0.000002, 0.000035, 0.999853, 0.000081, 0.000029, 1, 1575479196.196078,
00028, 00028, 0.000001, 0.000069, 0.999896, 0.000024, 0.000010, 1, 1575479200.4373794,
00029, 00029, 0.000006, 0.000043, 0.998802, 0.000847, 0.000303, 1, 1575479206.7149494,
00030, 00030, 0.000001, 0.000065, 0.999898, 0.000025, 0.000010, 1, 1575479211.3043082,
00031, 00031, 0.000003, 0.000033, 0.999800, 0.000120, 0.000044, 1, 1575479217.5236826,
00032, 00032, 0.000002, 0.000086, 0.999874, 0.000023, 0.000015, 1, 1575479221.883706,
00033, 00033, 0.000002, 0.000041, 0.999897, 0.000042, 0.000018, 1, 1575479227.0301087,
00034, 00034, 0.000006, 0.000052, 0.999695, 0.000190, 0.000056, 1, 1575479231.94037,
00035, 00035, 0.000001, 0.000062, 0.999903, 0.000024, 0.000011, 1, 1575479236.2199173,
00036, 00036, 0.000002, 0.000031, 0.999897, 0.000048, 0.000022, 1, 1575479241.3481126,
00037, 00037, 0.000002, 0.000032, 0.999913, 0.000037, 0.000017, 1, 1575479246.8382366,
00038, 00038, 0.000002, 0.000032, 0.999878, 0.000065, 0.000023, 1, 1575479251.3971367,
00039, 00039, 0.000002, 0.000049, 0.999905, 0.000035, 0.000010, 1, 1575479256.470352,
00040, 00040, 0.000001, 0.000058, 0.999909, 0.000023, 0.000008, 1, 1575479260.1124868,
00041, 00041, 0.000002, 0.000033, 0.999883, 0.000058, 0.000024, 1, 1575479265.6559682,
00042, 00042, 0.000002, 0.000031, 0.999909, 0.000039, 0.000019, 1, 1575479269.9087465,
00043, 00043, 0.000001, 0.000041, 0.999919, 0.000027, 0.000012, 1, 1575479275.5922852,
00044, 00044, 0.000002, 0.000031, 0.999843, 0.000089, 0.000034, 1, 1575479279.071164,
00045, 00045, 0.000003, 0.000121, 0.999808, 0.000046, 0.000023, 1, 1575479287.9678314,
00046, 00046, 0.000003, 0.000040, 0.999797, 0.000127, 0.000034, 1, 1575479293.6022408,
00047, 00047, 0.000002, 0.000039, 0.999834, 0.000090, 0.000035, 1, 1575479299.3221576,
00048, 00048, 0.000004, 0.000046, 0.999511, 0.000295, 0.000144, 1, 1575479304.006949,
00049, 00049, 0.000002, 0.000032, 0.999910, 0.000036, 0.000020, 1, 1575479308.9919572,
00050, 00050, 0.000001, 0.000082, 0.999884, 0.000023, 0.000009, 1, 1575479313.6860828,
00051, 00051, 0.000002, 0.000032, 0.999824, 0.000103, 0.000038, 1, 1575479321.1484747,
00052, 00052, 0.000001, 0.000063, 0.999901, 0.000024, 0.000010, 1, 1575479325.7494974,
00053, 00053, 0.000004, 0.000037, 0.999501, 0.000333, 0.000125, 1, 1575479330.8737054,
00054, 00054, 0.000002, 0.000035, 0.999887, 0.000052, 0.000024, 1, 1575479335.8784702,
00055, 00055, 0.000003, 0.000029, 0.999823, 0.000102, 0.000043, 1, 1575479340.0424514,
00056, 00056, 0.000003, 0.000032, 0.999856, 0.000081, 0.000028, 1, 1575479344.0847666,
00057, 00057, 0.000003, 0.000033, 0.999813, 0.000114, 0.000037, 1, 1575479349.0163758,
00058, 00058, 0.000002, 0.000031, 0.999899, 0.000046, 0.000023, 1, 1575479352.8284135,
00059, 00059, 0.000002, 0.000036, 0.999894, 0.000047, 0.000021, 1, 1575479358.2441447,
00060, 00060, 0.000001, 0.000064, 0.999906, 0.000020, 0.000009, 1, 1575479368.6584113,
00061, 00061, 0.000006, 0.000035, 0.998689, 0.000871, 0.000399, 1, 1575479373.9997745,
00062, 00062, 0.000005, 0.000047, 0.999808, 0.000106, 0.000034, 1, 1575479380.3400168,
00063, 00063, 0.000019, 0.000602, 0.999024, 0.000302, 0.000052, 1, 1575479387.3801289,
00064, 00064, 0.000002, 0.000033, 0.999881, 0.000062, 0.000023, 1, 1575479393.2363966,
00065, 00065, 0.000001, 0.000046, 0.999917, 0.000024, 0.000011, 1, 1575479397.8209562,
00066, 00066, 0.000003, 0.000030, 0.999642, 0.000208, 0.000117, 1, 1575479403.566057,
00067, 00067, 0.000002, 0.000031, 0.999877, 0.000064, 0.000025, 1, 1575479407.9024398,
00068, 00068, 0.000004, 0.000033, 0.999786, 0.000129, 0.000048, 1, 1575479415.2068088,
00069, 00069, 0.000006, 0.001655, 0.998282, 0.000042, 0.000016, 1, 1575479419.5109777,
00070, 00070, 0.000001, 0.000036, 0.999914, 0.000032, 0.000016, 1, 1575479425.1546402,
00071, 00071, 0.000001, 0.000048, 0.999909, 0.000029, 0.000012, 1, 1575479430.9530253,
00072, 00072, 0.000002, 0.000033, 0.999921, 0.000029, 0.000015, 1, 1575479437.645331,
00073, 00073, 0.000002, 0.000032, 0.999853, 0.000078, 0.000035, 1, 1575479444.8162344,
00074, 00074, 0.000003, 0.000035, 0.999731, 0.000169, 0.000062, 1, 1575479451.0611868,
00075, 00075, 0.000002, 0.000027, 0.999893, 0.000051, 0.000027, 1, 1575479457.5716858,
00076, 00076, 0.000003, 0.000045, 0.999693, 0.000175, 0.000083, 1, 1575479462.6753702,
00077, 00077, 0.000002, 0.000072, 0.999890, 0.000028, 0.000008, 1, 1575479469.1480174,
00078, 00078, 0.000033, 0.023418, 0.976386, 0.000119, 0.000045, 1, 1575479478.4415364,
00079, 00079, 0.000002, 0.000033, 0.999903, 0.000041, 0.000021, 1, 1575479486.7416596,
00080, 00080, 0.000002, 0.000041, 0.999871, 0.000057, 0.000028, 1, 1575479492.839588,
00081, 00081, 0.000002, 0.000042, 0.999907, 0.000034, 0.000015, 1, 1575479499.323379,
00082, 00082, 0.000003, 0.000032, 0.999830, 0.000100, 0.000035, 1, 1575479503.8867967,
00083, 00083, 0.000003, 0.000033, 0.999790, 0.000131, 0.000043, 1, 1575479507.7966912,
00084, 00084, 0.000004, 0.000056, 0.999876, 0.000049, 0.000016, 1, 1575479513.8778193,
00085, 00085, 0.000001, 0.000053, 0.999910, 0.000026, 0.000011, 1, 1575479519.7314672,
00086, 00086, 0.000003, 0.000029, 0.999702, 0.000174, 0.000092, 1, 1575479527.9278488,
00087, 00087, 0.000001, 0.000046, 0.999913, 0.000028, 0.000012, 1, 1575479534.5289161,
00088, 00088, 0.000002, 0.000034, 0.999845, 0.000088, 0.000031, 1, 1575479540.2331493,
00089, 00089, 0.000002, 0.000034, 0.999911, 0.000035, 0.000018, 1, 1575479545.344947,
00090, 00090, 0.000003, 0.000028, 0.999699, 0.000179, 0.000089, 1, 1575479551.8866322,
00091, 00091, 0.000002, 0.000040, 0.999872, 0.000061, 0.000024, 1, 1575479557.7437074,
00092, 00092, 0.000002, 0.000028, 0.999851, 0.000077, 0.000041, 1, 1575479563.4431043,
00093, 00093, 0.000002, 0.000040, 0.999889, 0.000050, 0.000019, 1, 1575479569.8004928,
00094, 00094, 0.000001, 0.000072, 0.999893, 0.000024, 0.000010, 1, 1575479575.5579638,
00095, 00095, 0.000001, 0.000075, 0.999890, 0.000024, 0.000010, 1, 1575479581.8585286,
00096, 00096, 0.000001, 0.000077, 0.999889, 0.000023, 0.000010, 1, 1575479587.67733,
00097, 00097, 0.000006, 0.000036, 0.999626, 0.000246, 0.000086, 1, 1575479592.5122504,
00098, 00098, 0.000004, 0.000046, 0.999857, 0.000070, 0.000023, 1, 1575479597.463042,
00099, 00099, 0.000005, 0.000052, 0.999732, 0.000162, 0.000048, 1, 1575479602.3705533,
00100, 00100, 0.000002, 0.000033, 0.999894, 0.000047, 0.000025, 1, 1575479609.5751443,
00101, 00101, 0.000002, 0.000123, 0.999802, 0.000058, 0.000015, 1, 1575479617.2164729,
00102, 00102, 0.000007, 0.000053, 0.998632, 0.000939, 0.000369, 1, 1575479624.2020626,
00103, 00103, 0.000004, 0.000038, 0.999545, 0.000318, 0.000095, 1, 1575479630.5606468,
00104, 00104, 0.000004, 0.000034, 0.999879, 0.000059, 0.000024, 1, 1575479636.1901414,
00105, 00105, 0.000008, 0.000052, 0.999642, 0.000228, 0.000070, 1, 1575479642.1386383,
00106, 00106, 0.000002, 0.000028, 0.999892, 0.000051, 0.000026, 1, 1575479649.2663682,
00107, 00107, 0.000004, 0.000028, 0.999606, 0.000232, 0.000131, 1, 1575479655.5975263,
00108, 00108, 0.000001, 0.000062, 0.999909, 0.000018, 0.000009, 1, 1575479665.1783774,
00109, 00109, 0.000002, 0.000032, 0.999858, 0.000072, 0.000036, 1, 1575479671.351906,
00110, 00110, 0.000003, 0.000037, 0.999670, 0.000213, 0.000077, 1, 1575479677.7300913,
00111, 00111, 0.000001, 0.000079, 0.999887, 0.000024, 0.000010, 1, 1575479683.8845155,
00112, 00112, 0.000004, 0.000038, 0.999797, 0.000121, 0.000040, 1, 1575479691.232561,
00113, 00113, 0.000002, 0.000037, 0.999907, 0.000040, 0.000013, 1, 1575479705.1954231,
00114, 00114, 0.000002, 0.000030, 0.999895, 0.000051, 0.000021, 1, 1575479712.5273829,
00115, 00115, 0.000002, 0.000030, 0.999807, 0.000103, 0.000057, 1, 1575479719.2714798,
00116, 00116, 0.000001, 0.000063, 0.999901, 0.000023, 0.000010, 1, 1575479728.3716521,
00117, 00117, 0.000002, 0.000028, 0.999867, 0.000067, 0.000037, 1, 1575479736.6904042,
00118, 00118, 0.000001, 0.000079, 0.999886, 0.000023, 0.000010, 1, 1575479742.946729,
00119, 00119, 0.000002, 0.000032, 0.999876, 0.000060, 0.000030, 1, 1575479749.6791632,
00120, 00120, 0.000004, 0.000037, 0.999623, 0.000247, 0.000090, 1, 1575479757.6680472,
00121, 00121, 0.000005, 0.000037, 0.999298, 0.000489, 0.000171, 1, 1575479766.3941617,
00122, 00122, 0.000004, 0.000030, 0.999558, 0.000279, 0.000128, 1, 1575479772.310859,
00123, 00123, 0.000002, 0.000030, 0.999851, 0.000080, 0.000037, 1, 1575479779.1708767,
00124, 00124, 0.000004, 0.000046, 0.999895, 0.000042, 0.000014, 1, 1575479785.6578538,
00125, 00125, 0.000002, 0.000098, 0.999864, 0.000029, 0.000009, 1, 1575479792.570745,
00126, 00126, 0.000003, 0.000028, 0.999761, 0.000139, 0.000068, 1, 1575479797.7755337,
00127, 00127, 0.000001, 0.000057, 0.999903, 0.000029, 0.000009, 1, 1575479803.6919482,
00128, 00128, 0.000003, 0.000030, 0.999823, 0.000102, 0.000043, 1, 1575479811.4046972,
00129, 00129, 0.000003, 0.000028, 0.999741, 0.000152, 0.000077, 1, 1575479817.491516,
00130, 00130, 0.000006, 0.000037, 0.999237, 0.000527, 0.000193, 1, 1575479824.6369443,
00131, 00131, 0.000002, 0.000033, 0.999841, 0.000092, 0.000032, 1, 1575479833.016847,
00132, 00132, 0.000142, 0.669351, 0.329692, 0.000629, 0.000186, 0, 1575479840.6909847,
00133, 00133, 0.000004, 0.000033, 0.999687, 0.000202, 0.000075, 1, 1575479848.0015445,
00134, 00134, 0.000002, 0.000052, 0.999915, 0.000022, 0.000009, 1, 1575479856.4452627,
00135, 00135, 0.000002, 0.000031, 0.999863, 0.000076, 0.000028, 1, 1575479863.2111998,
00136, 00136, 0.000006, 0.000036, 0.999544, 0.000311, 0.000103, 1, 1575479873.0996494,
00137, 00137, 0.000004, 0.000036, 0.999779, 0.000135, 0.000045, 1, 1575479887.3919234,
00138, 00138, 0.000004, 0.000034, 0.999609, 0.000258, 0.000095, 1, 1575479895.928063,
00139, 00139, 0.000002, 0.000032, 0.999846, 0.000086, 0.000033, 1, 1575479902.535375,
00140, 00140, 0.000002, 0.000040, 0.999901, 0.000044, 0.000013, 1, 1575479909.250343,
00141, 00141, 0.000003, 0.000035, 0.999815, 0.000114, 0.000033, 1, 1575479916.7778609,
00142, 00142, 0.000003, 0.000039, 0.999892, 0.000049, 0.000017, 1, 1575479922.7729867,
00143, 00143, 0.000003, 0.000053, 0.999891, 0.000041, 0.000012, 1, 1575479931.2331707,
00144, 00144, 0.000002, 0.000030, 0.999894, 0.000049, 0.000025, 1, 1575479936.8990097,
00145, 00145, 0.000003, 0.000035, 0.999887, 0.000057, 0.000018, 1, 1575479944.524304,
00146, 00146, 0.000005, 0.000035, 0.999369, 0.000395, 0.000195, 1, 1575479952.4639368,
00147, 00147, 0.000002, 0.000039, 0.999904, 0.000043, 0.000013, 1, 1575479961.2823246,
00148, 00148, 0.000003, 0.000034, 0.999834, 0.000100, 0.000031, 1, 1575479971.5886884,
00149, 00149, 0.000085, 0.958238, 0.041338, 0.000257, 0.000081, 0, 1575479979.4404933,
00150, 00150, 0.000001, 0.000055, 0.999907, 0.000028, 0.000009, 1, 1575479987.9779058,
00151, 00151, 0.000002, 0.000039, 0.999902, 0.000043, 0.000013, 1, 1575479996.6315725,
00152, 00152, 0.000021, 0.998915, 0.001003, 0.000046, 0.000015, 0, 1575480005.043163,
00153, 00153, 0.000002, 0.000052, 0.999882, 0.000043, 0.000021, 1, 1575480014.453181,
00154, 00154, 0.000002, 0.000028, 0.999898, 0.000048, 0.000024, 1, 1575480022.2559211,
00155, 00155, 0.000003, 0.000031, 0.999831, 0.000097, 0.000038, 1, 1575480029.379518,
00156, 00156, 0.000002, 0.000036, 0.999864, 0.000075, 0.000023, 1, 1575480036.4700208,
00157, 00157, 0.000002, 0.000030, 0.999868, 0.000070, 0.000029, 1, 1575480043.659402,
00158, 00158, 0.000005, 0.000036, 0.999115, 0.000600, 0.000243, 1, 1575480051.2414908,
00159, 00159, 0.000002, 0.000124, 0.999842, 0.000023, 0.000008, 1, 1575480058.0730455,
00160, 00160, 0.000002, 0.000036, 0.999904, 0.000043, 0.000015, 1, 1575480065.6843615,
00161, 00161, 0.000002, 0.000038, 0.999905, 0.000042, 0.000014, 1, 1575480073.8292296,
00162, 00162, 0.000002, 0.000042, 0.999909, 0.000035, 0.000012, 1, 1575480081.6115859,
00163, 00163, 0.000003, 0.000040, 0.999905, 0.000039, 0.000013, 1, 1575480089.4325054,
00164, 00164, 0.000002, 0.000033, 0.999823, 0.000104, 0.000037, 1, 1575480096.81733,
00165, 00165, 0.000003, 0.000033, 0.999653, 0.000194, 0.000117, 1, 1575480105.201592,
00166, 00166, 0.000005, 0.000034, 0.999713, 0.000183, 0.000065, 1, 1575480113.5372083,
00167, 00167, 0.000002, 0.000041, 0.999861, 0.000061, 0.000035, 1, 1575480122.7440407,
00168, 00168, 0.000002, 0.000035, 0.999907, 0.000041, 0.000015, 1, 1575480130.2630002,
00169, 00169, 0.000002, 0.000209, 0.999751, 0.000030, 0.000009, 1, 1575480137.926998,
00170, 00170, 0.000001, 0.000045, 0.999909, 0.000034, 0.000010, 1, 1575480146.3577552,
00171, 00171, 0.000092, 0.915381, 0.084043, 0.000376, 0.000108, 0, 1575480155.7656245,
00172, 00172, 0.000008, 0.003429, 0.996441, 0.000094, 0.000027, 1, 1575480164.9577572,
00173, 00173, 0.000001, 0.000046, 0.999909, 0.000034, 0.000010, 1, 1575480173.328113,
00174, 00174, 0.000049, 0.990994, 0.008786, 0.000130, 0.000041, 0, 1575480183.0316458,
00175, 00175, 0.000002, 0.000040, 0.999905, 0.000041, 0.000012, 1, 1575480192.2289686,
00176, 00176, 0.000002, 0.000036, 0.999911, 0.000037, 0.000014, 1, 1575480200.6727204,
00177, 00177, 0.000002, 0.000037, 0.999872, 0.000069, 0.000020, 1, 1575480207.5644941,
00178, 00178, 0.000003, 0.000035, 0.999768, 0.000148, 0.000045, 1, 1575480215.1761801,
00179, 00179, 0.000003, 0.000033, 0.999799, 0.000123, 0.000041, 1, 1575480224.9580896,
00180, 00180, 0.000002, 0.000041, 0.999899, 0.000045, 0.000013, 1, 1575480234.4312534,
00181, 00181, 0.000129, 0.510436, 0.488553, 0.000690, 0.000192, 0, 1575480243.3951259,
00182, 00182, 0.000003, 0.000260, 0.999696, 0.000030, 0.000012, 1, 1575480254.3705063,
00183, 00183, 0.000004, 0.000042, 0.999573, 0.000251, 0.000131, 1, 1575480260.7810361,
00184, 00184, 0.000003, 0.000034, 0.999760, 0.000149, 0.000055, 1, 1575480269.8593574,
00185, 00185, 0.000003, 0.000031, 0.999713, 0.000167, 0.000086, 1, 1575480278.2645645,
00186, 00186, 0.000001, 0.000055, 0.999897, 0.000036, 0.000010, 1, 1575480286.3458297,
00187, 00187, 0.000002, 0.000036, 0.999889, 0.000056, 0.000017, 1, 1575480295.5793185,
00188, 00188, 0.000002, 0.000034, 0.999904, 0.000038, 0.000023, 1, 1575480303.2550614,
00189, 00189, 0.000003, 0.000030, 0.999843, 0.000088, 0.000036, 1, 1575480310.9441206,
00190, 00190, 0.000007, 0.000772, 0.999102, 0.000094, 0.000026, 1, 1575480320.452928,
00191, 00191, 0.000003, 0.000034, 0.999792, 0.000129, 0.000042, 1, 1575480328.8959618,
00192, 00192, 0.000002, 0.000042, 0.999915, 0.000030, 0.000011, 1, 1575480337.0187807,
00193, 00193, 0.000127, 0.745315, 0.253869, 0.000533, 0.000156, 0, 1575480346.5340464,
00194, 00194, 0.000003, 0.000033, 0.999749, 0.000161, 0.000053, 1, 1575480356.4028003,
00195, 00195, 0.000001, 0.000046, 0.999910, 0.000033, 0.000010, 1, 1575480365.9122016,
00196, 00196, 0.000001, 0.000053, 0.999909, 0.000028, 0.000009, 1, 1575480376.2834616,
00197, 00197, 0.000002, 0.000034, 0.999883, 0.000061, 0.000019, 1, 1575480386.254309,
00198, 00198, 0.000002, 0.000033, 0.999854, 0.000084, 0.000027, 1, 1575480397.7259674,
00199, 00199, 0.000001, 0.000052, 0.999905, 0.000032, 0.000009, 1, 1575480406.5165927,
00200, 00200, 0.000004, 0.000045, 0.999527, 0.000294, 0.000130, 1, 1575480415.5429332,
00201, 00201, 0.000013, 0.000102, 0.997652, 0.001867, 0.000365, 1, 1575480423.3049643,
00202, 00202, 0.000002, 0.000034, 0.999856, 0.000082, 0.000025, 1, 1575480431.6366801,
00203, 00203, 0.000001, 0.000049, 0.999910, 0.000030, 0.000009, 1, 1575480440.807768,
00204, 00204, 0.000002, 0.000054, 0.999901, 0.000034, 0.000009, 1, 1575480450.9344547,
00205, 00205, 0.000008, 0.000044, 0.998425, 0.001170, 0.000353, 1, 1575480459.6822197,
00206, 00206, 0.000002, 0.000034, 0.999909, 0.000039, 0.000017, 1, 1575480466.997168,
00207, 00207, 0.000004, 0.000030, 0.999701, 0.000182, 0.000083, 1, 1575480477.6503603,
00208, 00208, 0.000002, 0.000084, 0.999885, 0.000022, 0.000008, 1, 1575480487.840598,
00209, 00209, 0.000002, 0.000065, 0.999899, 0.000026, 0.000008, 1, 1575480498.8831375,
00210, 00210, 0.000002, 0.000038, 0.999909, 0.000037, 0.000014, 1, 1575480509.3166983,
00211, 00211, 0.000001, 0.000047, 0.999907, 0.000032, 0.000013, 1, 1575480523.4553614,
00212, 00212, 0.000003, 0.000029, 0.999762, 0.000142, 0.000064, 1, 1575480530.3239298,
00213, 00213, 0.000003, 0.000035, 0.999781, 0.000139, 0.000042, 1, 1575480540.1934834,
00214, 00214, 0.000002, 0.000032, 0.999868, 0.000072, 0.000025, 1, 1575480549.9107447,
00215, 00215, 0.000002, 0.000034, 0.999858, 0.000081, 0.000024, 1, 1575480559.7600446,
00216, 00216, 0.000003, 0.000044, 0.999904, 0.000038, 0.000011, 1, 1575480570.2558513,
00217, 00217, 0.000002, 0.000042, 0.999909, 0.000036, 0.000011, 1, 1575480579.740597,
00218, 00218, 0.000003, 0.000033, 0.999784, 0.000136, 0.000045, 1, 1575480589.3490064,
00219, 00219, 0.000049, 0.991209, 0.008573, 0.000129, 0.000040, 0, 1575480599.9516714,
00220, 00220, 0.000001, 0.000084, 0.999880, 0.000026, 0.000008, 1, 1575480609.867671,
00221, 00221, 0.000001, 0.000087, 0.999877, 0.000026, 0.000008, 1, 1575480620.6982715,
00222, 00222, 0.000003, 0.000028, 0.999837, 0.000089, 0.000043, 1, 1575480630.3515115,
00223, 00223, 0.000001, 0.000047, 0.999916, 0.000026, 0.000010, 1, 1575480638.4463248,
00224, 00224, 0.000003, 0.000135, 0.999833, 0.000022, 0.000008, 1, 1575480648.4023416,
00225, 00225, 0.000003, 0.000038, 0.999866, 0.000069, 0.000023, 1, 1575480657.5695271,
00226, 00226, 0.000002, 0.000031, 0.999886, 0.000058, 0.000023, 1, 1575480666.1097643,
00227, 00227, 0.000002, 0.000031, 0.999900, 0.000046, 0.000021, 1, 1575480676.4154046,
00228, 00228, 0.000002, 0.000044, 0.999912, 0.000032, 0.000010, 1, 1575480684.2736573,
00229, 00229, 0.000002, 0.000057, 0.999878, 0.000039, 0.000023, 1, 1575480694.461626,
00230, 00230, 0.000002, 0.000031, 0.999881, 0.000059, 0.000028, 1, 1575480703.0349896,
00231, 00231, 0.000004, 0.000035, 0.999566, 0.000298, 0.000097, 1, 1575480712.2895305,
00232, 00232, 0.000002, 0.000036, 0.999885, 0.000059, 0.000018, 1, 1575480722.1876276,
00233, 00233, 0.000004, 0.000034, 0.999800, 0.000117, 0.000045, 1, 1575480731.6917105,
00234, 00234, 0.000002, 0.000030, 0.999904, 0.000043, 0.000021, 1, 1575480742.6034312,
00235, 00235, 0.000004, 0.000058, 0.999895, 0.000032, 0.000011, 1, 1575480751.1401603,
00236, 00236, 0.000002, 0.000039, 0.999903, 0.000041, 0.000015, 1, 1575480759.4872608,
00237, 00237, 0.000002, 0.000045, 0.999909, 0.000034, 0.000010, 1, 1575480768.510726,
00238, 00238, 0.000002, 0.000037, 0.999909, 0.000039, 0.000014, 1, 1575480777.7285292,
00239, 00239, 0.000002, 0.000034, 0.999831, 0.000100, 0.000033, 1, 1575480787.5959253,
00240, 00240, 0.000049, 0.986843, 0.012914, 0.000149, 0.000045, 0, 1575480798.14492,
00241, 00241, 0.000029, 0.998076, 0.001814, 0.000062, 0.000020, 0, 1575480809.425775,
00242, 00242, 0.000024, 0.998443, 0.001461, 0.000054, 0.000017, 0, 1575480819.8716938,
00243, 00243, 0.000001, 0.000047, 0.999910, 0.000032, 0.000010, 1, 1575480831.2571754,
00244, 00244, 0.000105, 0.247200, 0.751921, 0.000600, 0.000174, 1, 1575480842.006803,
00245, 00245, 0.000002, 0.000030, 0.999887, 0.000054, 0.000027, 1, 1575480877.6093335,
00246, 00246, 0.000006, 0.000060, 0.999199, 0.000578, 0.000157, 1, 1575480887.4125893,
00247, 00247, 0.000003, 0.000043, 0.999884, 0.000053, 0.000016, 1, 1575480897.6282706,
00248, 00248, 0.000003, 0.000032, 0.999841, 0.000091, 0.000032, 1, 1575480906.5940483,
00249, 00249, 0.000005, 0.000036, 0.999586, 0.000281, 0.000092, 1, 1575480917.1488507,
00250, 00250, 0.000001, 0.000046, 0.999907, 0.000035, 0.000010, 1, 1575480926.6128147,
00251, 00251, 0.000026, 0.998075, 0.001820, 0.000060, 0.000019, 0, 1575480937.2846794,
00252, 00252, 0.000019, 0.999235, 0.000695, 0.000038, 0.000012, 0, 1575480947.3440387,
00253, 00253, 0.000079, 0.960662, 0.038926, 0.000254, 0.000078, 0, 1575480958.3762743,
00254, 00254, 0.000045, 0.990322, 0.009465, 0.000129, 0.000039, 0, 1575480969.1538677,
00255, 00255, 0.000010, 0.000054, 0.999579, 0.000274, 0.000083, 1, 1575480982.2290514,
00256, 00256, 0.000002, 0.000039, 0.999896, 0.000042, 0.000021, 1, 1575480993.8211033,
00257, 00257, 0.000002, 0.000034, 0.999892, 0.000054, 0.000018, 1, 1575481002.1397648,
00258, 00258, 0.000004, 0.000034, 0.999680, 0.000213, 0.000069, 1, 1575481012.279976,
00259, 00259, 0.000002, 0.000045, 0.999909, 0.000034, 0.000011, 1, 1575481022.6489284,
00260, 00260, 0.000002, 0.000047, 0.999908, 0.000033, 0.000010, 1, 1575481033.9567602,
00261, 00261, 0.000002, 0.000037, 0.999906, 0.000041, 0.000014, 1, 1575481043.357317,
00262, 00262, 0.000012, 0.000085, 0.999006, 0.000723, 0.000173, 1, 1575481053.6339033,
00263, 00263, 0.000002, 0.000040, 0.999880, 0.000048, 0.000030, 1, 1575481063.8201492,
00264, 00264, 0.000003, 0.000030, 0.999809, 0.000112, 0.000046, 1, 1575481073.5890992,
00265, 00265, 0.000002, 0.000036, 0.999886, 0.000058, 0.000018, 1, 1575481083.6566384,
00266, 00266, 0.000005, 0.000036, 0.999669, 0.000218, 0.000072, 1, 1575481093.9701674,
00267, 00267, 0.000003, 0.000028, 0.999816, 0.000102, 0.000051, 1, 1575481103.192609,
00268, 00268, 0.000003, 0.000032, 0.999907, 0.000040, 0.000018, 1, 1575481115.1797218,
00269, 00269, 0.000003, 0.000040, 0.999715, 0.000181, 0.000061, 1, 1575481125.8579943,
00270, 00270, 0.000002, 0.000051, 0.999908, 0.000031, 0.000009, 1, 1575481136.8370712,
00271, 00271, 0.000002, 0.000048, 0.999902, 0.000037, 0.000010, 1, 1575481147.2118044,
00272, 00272, 0.000002, 0.000034, 0.999817, 0.000110, 0.000037, 1, 1575481158.5423217,
00273, 00273, 0.000001, 0.000049, 0.999908, 0.000032, 0.000010, 1, 1575481170.81422,
00274, 00274, 0.000114, 0.881164, 0.118170, 0.000424, 0.000128, 0, 1575481182.283372,
00275, 00275, 0.000099, 0.252820, 0.746308, 0.000603, 0.000170, 1, 1575481194.21135,
00276, 00276, 0.000016, 0.999508, 0.000434, 0.000031, 0.000010, 0, 1575481204.7444394,
00277, 00277, 0.000003, 0.000033, 0.999712, 0.000183, 0.000069, 1, 1575481215.87978,
00278, 00278, 0.000001, 0.000051, 0.999908, 0.000029, 0.000011, 1, 1575481226.7978523,
00279, 00279, 0.000002, 0.000035, 0.999892, 0.000053, 0.000017, 1, 1575481237.0005631,
00280, 00280, 0.000001, 0.000058, 0.999904, 0.000028, 0.000009, 1, 1575481246.7979133,
00281, 00281, 0.000002, 0.000035, 0.999886, 0.000058, 0.000019, 1, 1575481258.0062845,
00282, 00282, 0.000001, 0.000047, 0.999909, 0.000033, 0.000010, 1, 1575481270.1755636,
00283, 00283, 0.000002, 0.000112, 0.999849, 0.000028, 0.000009, 1, 1575481283.7752306,
00284, 00284, 0.000004, 0.000033, 0.999627, 0.000242, 0.000094, 1, 1575481293.1984704,
00285, 00285, 0.000002, 0.000056, 0.999883, 0.000038, 0.000021, 1, 1575481303.8334093,
00286, 00286, 0.000001, 0.000062, 0.999903, 0.000026, 0.000008, 1, 1575481314.6122923,
00287, 00287, 0.000002, 0.000034, 0.999845, 0.000090, 0.000029, 1, 1575481327.3329797,
00288, 00288, 0.000003, 0.000035, 0.999864, 0.000075, 0.000023, 1, 1575481340.597747,
00289, 00289, 0.000002, 0.000039, 0.999905, 0.000041, 0.000013, 1, 1575481350.6735797,
00290, 00290, 0.000004, 0.000042, 0.999748, 0.000157, 0.000048, 1, 1575481359.8202128,
00291, 00291, 0.000003, 0.000036, 0.999888, 0.000055, 0.000018, 1, 1575481368.9417477,
00292, 00292, 0.000002, 0.000036, 0.999903, 0.000045, 0.000014, 1, 1575481378.8420637,
00293, 00293, 0.000002, 0.000033, 0.999866, 0.000074, 0.000025, 1, 1575481389.5695608,
00294, 00294, 0.000002, 0.000037, 0.999903, 0.000044, 0.000015, 1, 1575481402.1319995,
00295, 00295, 0.000046, 0.989240, 0.010535, 0.000136, 0.000042, 0, 1575481413.8723876,
00296, 00296, 0.000028, 0.998194, 0.001699, 0.000059, 0.000019, 0, 1575481426.310141,
00297, 00297, 0.000095, 0.194615, 0.804581, 0.000549, 0.000160, 1, 1575481438.3518264,
00298, 00298, 0.000008, 0.000050, 0.998886, 0.000830, 0.000227, 1, 1575481449.8877618,
00299, 00299, 0.000003, 0.000036, 0.999901, 0.000043, 0.000017, 1, 1575481462.1145933,
00300, 00300, 0.000004, 0.000032, 0.999616, 0.000248, 0.000100, 1, 1575481475.150671,
00301, 00301, 0.000002, 0.000036, 0.999908, 0.000040, 0.000015, 1, 1575481486.8609645,
00302, 00302, 0.000003, 0.000032, 0.999849, 0.000085, 0.000030, 1, 1575481498.9928107,
00303, 00303, 0.000003, 0.000032, 0.999869, 0.000069, 0.000027, 1, 1575481510.7363298,
00304, 00304, 0.000002, 0.000035, 0.999816, 0.000112, 0.000034, 1, 1575481524.8567312,
00305, 00305, 0.000004, 0.000033, 0.999779, 0.000137, 0.000049, 1, 1575481535.8587139,
00306, 00306, 0.000002, 0.000028, 0.999886, 0.000055, 0.000029, 1, 1575481545.8851974,
00307, 00307, 0.000002, 0.000044, 0.999907, 0.000037, 0.000011, 1, 1575481558.0697033,
00308, 00308, 0.000003, 0.000041, 0.999898, 0.000045, 0.000013, 1, 1575481570.8821914,
00309, 00309, 0.000002, 0.000032, 0.999895, 0.000051, 0.000020, 1, 1575481582.6708758,
00310, 00310, 0.000003, 0.000036, 0.999706, 0.000191, 0.000064, 1, 1575481596.7085276,
00311, 00311, 0.000009, 0.000040, 0.998638, 0.000961, 0.000352, 1, 1575481605.9182925,
00312, 00312, 0.000003, 0.000029, 0.999808, 0.000110, 0.000050, 1, 1575481616.0770552,
00313, 00313, 0.000002, 0.000040, 0.999916, 0.000031, 0.000012, 1, 1575481627.9485502,
00314, 00314, 0.000004, 0.000034, 0.999736, 0.000169, 0.000057, 1, 1575481639.358943,
00315, 00315, 0.000003, 0.000034, 0.999822, 0.000108, 0.000033, 1, 1575481650.552796,
00316, 00316, 0.000082, 0.167859, 0.831399, 0.000514, 0.000147, 1, 1575481663.5778093,
00317, 00317, 0.000118, 0.376857, 0.622172, 0.000666, 0.000187, 1, 1575481675.1072283,
00318, 00318, 0.000023, 0.998716, 0.001197, 0.000049, 0.000016, 0, 1575481687.423555,
00319, 00319, 0.000054, 0.983182, 0.016543, 0.000170, 0.000051, 0, 1575481699.6916835,
00320, 00320, 0.000035, 0.995063, 0.004779, 0.000093, 0.000029, 0, 1575481712.1262603,
00321, 00321, 0.000002, 0.000035, 0.999864, 0.000076, 0.000023, 1, 1575481722.9206257,
00322, 00322, 0.000002, 0.000037, 0.999883, 0.000060, 0.000017, 1, 1575481735.021734,
00323, 00323, 0.000002, 0.000027, 0.999840, 0.000087, 0.000043, 1, 1575481745.3495157,
00324, 00324, 0.000002, 0.000082, 0.999872, 0.000035, 0.000009, 1, 1575481758.6641324,
00325, 00325, 0.000002, 0.000034, 0.999848, 0.000088, 0.000028, 1, 1575481772.1044571,
00326, 00326, 0.000003, 0.000034, 0.999723, 0.000182, 0.000056, 1, 1575481785.8925152,
00327, 00327, 0.000003, 0.000045, 0.999901, 0.000039, 0.000012, 1, 1575481803.7075555,
00328, 00328, 0.000003, 0.000037, 0.999859, 0.000078, 0.000023, 1, 1575481814.390045,
00329, 00329, 0.000002, 0.000040, 0.999878, 0.000050, 0.000030, 1, 1575481824.9174645,
00330, 00330, 0.000002, 0.000030, 0.999875, 0.000066, 0.000027, 1, 1575481835.827069,
00331, 00331, 0.000002, 0.000036, 0.999901, 0.000046, 0.000015, 1, 1575481847.3510988,
00332, 00332, 0.000005, 0.001159, 0.998761, 0.000059, 0.000017, 1, 1575481860.8922923,
00333, 00333, 0.000004, 0.000033, 0.999573, 0.000280, 0.000109, 1, 1575481871.0746906,
00334, 00334, 0.000002, 0.000039, 0.999913, 0.000034, 0.000012, 1, 1575481881.8096707,
00335, 00335, 0.000002, 0.000030, 0.999868, 0.000071, 0.000028, 1, 1575481892.228719,
00336, 00336, 0.000005, 0.000035, 0.999387, 0.000413, 0.000160, 1, 1575481903.7512853,
00337, 00337, 0.000002, 0.000053, 0.999906, 0.000030, 0.000009, 1, 1575481915.6853275,
00338, 00338, 0.000001, 0.000067, 0.999897, 0.000027, 0.000008, 1, 1575481929.5005581,
00339, 00339, 0.000030, 0.997079, 0.002796, 0.000072, 0.000023, 0, 1575481942.4762998,
00340, 00340, 0.000036, 0.994932, 0.004909, 0.000095, 0.000029, 0, 1575481955.187416,
00341, 00341, 0.000071, 0.963309, 0.036308, 0.000240, 0.000072, 0, 1575481968.6040125,
00342, 00342, 0.000002, 0.000032, 0.999844, 0.000089, 0.000033, 1, 1575481980.4971359,
00343, 00343, 0.000002, 0.000031, 0.999807, 0.000105, 0.000055, 1, 1575481991.1926153,
00344, 00344, 0.000003, 0.000034, 0.999734, 0.000174, 0.000055, 1, 1575482001.5053406,
00345, 00345, 0.000003, 0.000037, 0.999660, 0.000225, 0.000075, 1, 1575482012.339869,
00346, 00346, 0.000002, 0.000049, 0.999910, 0.000030, 0.000009, 1, 1575482025.3184419,
00347, 00347, 0.000014, 0.000052, 0.998230, 0.001332, 0.000372, 1, 1575482039.2152467,
00348, 00348, 0.000002, 0.000036, 0.999886, 0.000059, 0.000018, 1, 1575482049.7320707,
00349, 00349, 0.000003, 0.000146, 0.999814, 0.000027, 0.000009, 1, 1575482062.6365829,
00350, 00350, 0.000002, 0.000029, 0.999879, 0.000060, 0.000030, 1, 1575482075.083775,
00351, 00351, 0.000010, 0.000039, 0.999077, 0.000631, 0.000243, 1, 1575482087.706497,
00352, 00352, 0.000004, 0.000033, 0.999649, 0.000230, 0.000084, 1, 1575482099.6159747,
00353, 00353, 0.000003, 0.000033, 0.999843, 0.000092, 0.000030, 1, 1575482112.969216,
00354, 00354, 0.000005, 0.000035, 0.999463, 0.000365, 0.000132, 1, 1575482123.7207565,
00355, 00355, 0.000004, 0.000049, 0.999867, 0.000062, 0.000018, 1, 1575482137.1930118,
00356, 00356, 0.000005, 0.000035, 0.999363, 0.000434, 0.000162, 1, 1575482148.0165973,
00357, 00357, 0.000001, 0.000075, 0.999891, 0.000024, 0.000008, 1, 1575482160.3495367,
00358, 00358, 0.000002, 0.000033, 0.999899, 0.000049, 0.000017, 1, 1575482171.0947316,
00359, 00359, 0.000002, 0.000034, 0.999856, 0.000082, 0.000026, 1, 1575482185.0733554,
00360, 00360, 0.000045, 0.990452, 0.009339, 0.000125, 0.000039, 0, 1575482198.3289871,
00361, 00361, 0.000017, 0.999406, 0.000531, 0.000034, 0.000011, 0, 1575482210.8904166,
00362, 00362, 0.000033, 0.995841, 0.004015, 0.000084, 0.000026, 0, 1575482224.1686206,
00363, 00363, 0.000005, 0.000034, 0.999533, 0.000313, 0.000115, 1, 1575482235.5051138,
00364, 00364, 0.000006, 0.000036, 0.999161, 0.000573, 0.000224, 1, 1575482246.8858352,
00365, 00365, 0.000003, 0.000034, 0.999881, 0.000061, 0.000021, 1, 1575482260.5295143,
00366, 00366, 0.000001, 0.000033, 0.999915, 0.000033, 0.000017, 1, 1575482272.953136,
00367, 00367, 0.000002, 0.000085, 0.999882, 0.000024, 0.000007, 1, 1575482286.6005883,
00368, 00368, 0.000004, 0.000032, 0.999640, 0.000229, 0.000095, 1, 1575482300.6754696,
00369, 00369, 0.000134, 0.605466, 0.393550, 0.000664, 0.000187, 0, 1575482314.9451137,
00370, 00370, 0.000029, 0.997301, 0.002580, 0.000069, 0.000022, 0, 1575482328.4679997,
00371, 00371, 0.000131, 0.534144, 0.464863, 0.000673, 0.000189, 0, 1575482341.989863,
00372, 00372, 0.000002, 0.000034, 0.999894, 0.000050, 0.000020, 1, 1575482353.8939087,
00373, 00373, 0.000002, 0.000060, 0.999904, 0.000026, 0.000008, 1, 1575482365.2392073,
00374, 00374, 0.000004, 0.000029, 0.999668, 0.000198, 0.000102, 1, 1575482376.7729661,
00375, 00375, 0.000002, 0.000031, 0.999862, 0.000077, 0.000028, 1, 1575482391.4618442,
00376, 00376, 0.000001, 0.000090, 0.999874, 0.000026, 0.000008, 1, 1575482405.8976243,
00377, 00377, 0.000002, 0.000076, 0.999891, 0.000023, 0.000008, 1, 1575482418.9812183,
00378, 00378, 0.000009, 0.003447, 0.996422, 0.000095, 0.000028, 1, 1575482432.7909424,
00379, 00379, 0.000020, 0.999115, 0.000810, 0.000042, 0.000013, 0, 1575482446.4325936,
00380, 00380, 0.000103, 0.263330, 0.735788, 0.000607, 0.000172, 1, 1575482460.008176,
00381, 00381, 0.000005, 0.000037, 0.999862, 0.000068, 0.000028, 1, 1575482471.103629,
00382, 00382, 0.000004, 0.000033, 0.999689, 0.000201, 0.000074, 1, 1575482483.2132347,
00383, 00383, 0.000004, 0.000030, 0.999469, 0.000324, 0.000173, 1, 1575482497.6908727,
00384, 00384, 0.000011, 0.999848, 0.000111, 0.000022, 0.000007, 0, 1575482512.366024,
00385, 00385, 0.000003, 0.000028, 0.999691, 0.000182, 0.000095, 1, 1575482523.7288737,
00386, 00386, 0.000002, 0.000040, 0.999904, 0.000040, 0.000014, 1, 1575482536.7287173,
00387, 00387, 0.000007, 0.000042, 0.999244, 0.000542, 0.000166, 1, 1575482548.9516444,
00388, 00388, 0.000004, 0.000031, 0.999345, 0.000409, 0.000211, 1, 1575482563.52802,
00389, 00389, 0.000002, 0.000040, 0.999905, 0.000041, 0.000013, 1, 1575482578.236977,
00390, 00390, 0.000003, 0.000031, 0.999828, 0.000101, 0.000037, 1, 1575482591.1857975,
00391, 00391, 0.000002, 0.000028, 0.999820, 0.000093, 0.000057, 1, 1575482604.735294,
00392, 00392, 0.000003, 0.000029, 0.999671, 0.000196, 0.000101, 1, 1575482618.1015496,
00393, 00393, 0.000003, 0.000055, 0.999899, 0.000033, 0.000010, 1, 1575482633.5325232,
00394, 00394, 0.000002, 0.000042, 0.999909, 0.000034, 0.000013, 1, 1575482646.2961044,
00395, 00395, 0.000004, 0.000035, 0.999788, 0.000130, 0.000043, 1, 1575482659.6419847,
00396, 00396, 0.000004, 0.000031, 0.999618, 0.000244, 0.000103, 1, 1575482672.1184776,
00397, 00397, 0.000015, 0.008525, 0.991308, 0.000115, 0.000038, 1, 1575482684.7911541,
00398, 00398, 0.000008, 0.000037, 0.998426, 0.001073, 0.000454, 1, 1575482698.3532386,
00399, 00399, 0.000005, 0.000038, 0.999164, 0.000584, 0.000209, 1, 1575482710.3721895,
00400, 00400, 0.000002, 0.000030, 0.999857, 0.000078, 0.000032, 1, 1575482725.7889948,
00401, 00401, 0.000002, 0.000031, 0.999897, 0.000049, 0.000021, 1, 1575482740.3946161,
00402, 00402, 0.000133, 0.639195, 0.359940, 0.000560, 0.000172, 0, 1575482754.8108757,
00403, 00403, 0.000005, 0.001256, 0.998675, 0.000049, 0.000016, 1, 1575482768.7825358,
00404, 00404, 0.000007, 0.000042, 0.998719, 0.000938, 0.000294, 1, 1575482780.022196,
00405, 00405, 0.000004, 0.000039, 0.999781, 0.000133, 0.000043, 1, 1575482795.7083714,
00406, 00406, 0.000002, 0.000041, 0.999877, 0.000052, 0.000028, 1, 1575482808.0693312,
00407, 00407, 0.000004, 0.000032, 0.999596, 0.000261, 0.000107, 1, 1575482822.2533007,
00408, 00408, 0.000004, 0.000030, 0.999477, 0.000325, 0.000165, 1, 1575482834.36218,
00409, 00409, 0.000009, 0.000044, 0.997311, 0.001918, 0.000719, 1, 1575482846.9218106,
00410, 00410, 0.000008, 0.000059, 0.999323, 0.000483, 0.000127, 1, 1575482860.7706554,
00411, 00411, 0.000013, 0.000068, 0.999138, 0.000620, 0.000161, 1, 1575482874.348806,
00412, 00412, 0.000002, 0.000057, 0.999907, 0.000025, 0.000009, 1, 1575482886.898764,
00413, 00413, 0.000008, 0.000041, 0.998157, 0.001307, 0.000487, 1, 1575482899.366414,
00414, 00414, 0.000003, 0.000028, 0.999823, 0.000099, 0.000047, 1, 1575482911.9256563,
00415, 00415, 0.000003, 0.000028, 0.999804, 0.000109, 0.000056, 1, 1575482925.0507426,
00416, 00416, 0.000004, 0.001136, 0.998788, 0.000055, 0.000016, 1, 1575482939.828713,
00417, 00417, 0.000002, 0.000122, 0.999841, 0.000027, 0.000008, 1, 1575482953.0411325,
00418, 00418, 0.000007, 0.000041, 0.999231, 0.000549, 0.000173, 1, 1575482966.940295,
00419, 00419, 0.000005, 0.000029, 0.999484, 0.000299, 0.000183, 1, 1575482981.5825918,
00420, 00420, 0.000002, 0.000028, 0.999851, 0.000080, 0.000039, 1, 1575482994.7182913,
00421, 00421, 0.000004, 0.000031, 0.999796, 0.000114, 0.000054, 1, 1575483009.051833,
00422, 00422, 0.000020, 0.000065, 0.984391, 0.012165, 0.003358, 1, 1575483023.0993955,
00423, 00423, 0.000003, 0.000029, 0.999804, 0.000115, 0.000049, 1, 1575483037.9076562,
00424, 00424, 0.000039, 0.993999, 0.005832, 0.000097, 0.000033, 0, 1575483053.2670856,
00425, 00425, 0.000017, 0.999403, 0.000533, 0.000035, 0.000012, 0, 1575483069.8234386,
00426, 00426, 0.000002, 0.000032, 0.999904, 0.000044, 0.000018, 1, 1575483082.4387987,
00427, 00427, 0.000003, 0.000034, 0.999787, 0.000133, 0.000044, 1, 1575483095.7682896,
00428, 00428, 0.000003, 0.000033, 0.999742, 0.000166, 0.000055, 1, 1575483108.2931788,
00429, 00429, 0.000003, 0.000032, 0.999832, 0.000099, 0.000034, 1, 1575483121.4110646,
00430, 00430, 0.000007, 0.000044, 0.998313, 0.001252, 0.000383, 1, 1575483135.1444683,
00431, 00431, 0.000001, 0.000046, 0.999914, 0.000027, 0.000011, 1, 1575483149.942833,
00432, 00432, 0.000002, 0.000033, 0.999888, 0.000057, 0.000020, 1, 1575483165.702288,
00433, 00433, 0.000003, 0.000031, 0.999872, 0.000069, 0.000026, 1, 1575483178.9447236,
00434, 00434, 0.000004, 0.000033, 0.999746, 0.000158, 0.000060, 1, 1575483192.4970486,
00435, 00435, 0.000002, 0.000029, 0.999869, 0.000067, 0.000033, 1, 1575483204.824853,
00436, 00436, 0.000003, 0.000026, 0.999750, 0.000138, 0.000083, 1, 1575483217.6020253,
00437, 00437, 0.000002, 0.000039, 0.999914, 0.000032, 0.000013, 1, 1575483231.5395753,
00438, 00438, 0.000002, 0.000040, 0.999921, 0.000026, 0.000012, 1, 1575483244.8787403,
00439, 00439, 0.000003, 0.000064, 0.999892, 0.000031, 0.000010, 1, 1575483259.75654,
00440, 00440, 0.000002, 0.000119, 0.999821, 0.000038, 0.000020, 1, 1575483273.9143465,
00441, 00441, 0.000004, 0.000035, 0.999683, 0.000207, 0.000071, 1, 1575483288.0304732,
00442, 00442, 0.000002, 0.000032, 0.999893, 0.000053, 0.000020, 1, 1575483300.7162483,
00443, 00443, 0.000004, 0.000028, 0.999622, 0.000227, 0.000119, 1, 1575483314.135549,
00444, 00444, 0.000001, 0.000060, 0.999905, 0.000024, 0.000009, 1, 1575483332.4734857,
00445, 00445, 0.000034, 0.038289, 0.961368, 0.000237, 0.000073, 1, 1575483348.981502,
00446, 00446, 0.000001, 0.000045, 0.999917, 0.000027, 0.000010, 1, 1575483362.3153973,
00447, 00447, 0.000002, 0.000039, 0.999917, 0.000030, 0.000012, 1, 1575483379.465559,
00448, 00448, 0.000069, 0.967347, 0.032302, 0.000213, 0.000069, 0, 1575483394.3295665,
00449, 00449, 0.000002, 0.000033, 0.999898, 0.000050, 0.000018, 1, 1575483410.3330858,
00450, 00450, 0.000002, 0.000029, 0.999886, 0.000057, 0.000026, 1, 1575483424.3090165,
00451, 00451, 0.000003, 0.000030, 0.999745, 0.000154, 0.000067, 1, 1575483437.6710799,
00452, 00452, 0.000002, 0.000058, 0.999903, 0.000028, 0.000009, 1, 1575483450.6086578,
00453, 00453, 0.000003, 0.000028, 0.999814, 0.000100, 0.000057, 1, 1575483464.4032013,
00454, 00454, 0.000003, 0.000032, 0.999854, 0.000082, 0.000029, 1, 1575483476.940635,
00455, 00455, 0.000004, 0.000032, 0.999638, 0.000233, 0.000093, 1, 1575483492.0002227,
00456, 00456, 0.000001, 0.000063, 0.999898, 0.000027, 0.000011, 1, 1575483506.0405207,
00457, 00457, 0.000002, 0.000037, 0.999896, 0.000044, 0.000021, 1, 1575483520.6129239,
00458, 00458, 0.000006, 0.000031, 0.999201, 0.000478, 0.000285, 1, 1575483535.880815,
00459, 00459, 0.000002, 0.000027, 0.999835, 0.000090, 0.000046, 1, 1575483549.632575,
00460, 00460, 0.000004, 0.000029, 0.999659, 0.000206, 0.000103, 1, 1575483563.498486,
00461, 00461, 0.000003, 0.000029, 0.999841, 0.000089, 0.000038, 1, 1575483578.4287853,
00462, 00462, 0.000003, 0.000033, 0.999787, 0.000132, 0.000045, 1, 1575483591.5762615,
00463, 00463, 0.000003, 0.000030, 0.999750, 0.000151, 0.000066, 1, 1575483605.1770556,
00464, 00464, 0.000003, 0.000027, 0.999760, 0.000136, 0.000074, 1, 1575483618.7154558,
00465, 00465, 0.000005, 0.000037, 0.999266, 0.000508, 0.000184, 1, 1575483631.9793003,
00466, 00466, 0.000006, 0.000033, 0.999074, 0.000601, 0.000287, 1, 1575483645.8369632,
00467, 00467, 0.000007, 0.000038, 0.998319, 0.001153, 0.000483, 1, 1575483660.4249885,
00468, 00468, 0.000003, 0.000029, 0.999742, 0.000154, 0.000072, 1, 1575483676.359507,
00469, 00469, 0.000002, 0.000037, 0.999911, 0.000036, 0.000014, 1, 1575483689.977494,
00470, 00470, 0.000004, 0.000035, 0.999454, 0.000362, 0.000145, 1, 1575483704.0726552,
00471, 00471, 0.000002, 0.000138, 0.999831, 0.000022, 0.000008, 1, 1575483718.6900942,
00472, 00472, 0.000004, 0.000030, 0.999724, 0.000164, 0.000078, 1, 1575483734.0614586,
00473, 00473, 0.000002, 0.000032, 0.999888, 0.000048, 0.000031, 1, 1575483750.169429,
00474, 00474, 0.000009, 0.000038, 0.997633, 0.001609, 0.000712, 1, 1575483767.4995606,
00475, 00475, 0.000005, 0.000030, 0.999228, 0.000480, 0.000256, 1, 1575483783.301667,
00476, 00476, 0.000002, 0.000033, 0.999909, 0.000038, 0.000018, 1, 1575483799.1735442,
00477, 00477, 0.000003, 0.000032, 0.999726, 0.000170, 0.000068, 1, 1575483816.330686,
00478, 00478, 0.000002, 0.000033, 0.999906, 0.000043, 0.000016, 1, 1575483833.6092157,
00479, 00479, 0.000033, 0.996247, 0.003614, 0.000079, 0.000026, 0, 1575483849.188872,
00480, 00480, 0.000011, 0.999854, 0.000106, 0.000022, 0.000007, 0, 1575483865.6275373,
00481, 00481, 0.000003, 0.000105, 0.999850, 0.000032, 0.000009, 1, 1575483879.7359984,
00482, 00482, 0.000001, 0.000055, 0.999910, 0.000023, 0.000011, 1, 1575483892.82952,
00483, 00483, 0.000004, 0.000036, 0.999735, 0.000169, 0.000055, 1, 1575483906.5091686,
00484, 00484, 0.000002, 0.000029, 0.999898, 0.000046, 0.000025, 1, 1575483921.3202717,
00485, 00485, 0.000002, 0.000034, 0.999904, 0.000040, 0.000020, 1, 1575483935.6468718,
00486, 00486, 0.000004, 0.000033, 0.999482, 0.000326, 0.000155, 1, 1575483951.148784,
00487, 00487, 0.000011, 0.000046, 0.996328, 0.002670, 0.000945, 1, 1575483966.773548,
00488, 00488, 0.000072, 0.963608, 0.036022, 0.000225, 0.000073, 0, 1575483985.7712018,
00489, 00489, 0.000116, 0.348763, 0.650385, 0.000565, 0.000171, 1, 1575484003.4295287,
00490, 00490, 0.000003, 0.000030, 0.999829, 0.000097, 0.000042, 1, 1575484017.8455107,
00491, 00491, 0.000003, 0.000054, 0.999904, 0.000029, 0.000010, 1, 1575484032.26823,
00492, 00492, 0.000004, 0.000032, 0.999469, 0.000342, 0.000153, 1, 1575484046.8294477,
00493, 00493, 0.000001, 0.000052, 0.999906, 0.000031, 0.000010, 1, 1575484062.0908804,
00494, 00494, 0.000006, 0.000038, 0.998949, 0.000684, 0.000324, 1, 1575484077.1371386,
00495, 00495, 0.000002, 0.000032, 0.999899, 0.000046, 0.000022, 1, 1575484091.0472112,
00496, 00496, 0.000002, 0.000111, 0.999861, 0.000019, 0.000007, 1, 1575484107.1949847,
00497, 00497, 0.000002, 0.000034, 0.999831, 0.000100, 0.000032, 1, 1575484122.1848133,
00498, 00498, 0.000001, 0.000058, 0.999912, 0.000020, 0.000009, 1, 1575484137.3949,
00499, 00499, 0.000002, 0.000036, 0.999900, 0.000045, 0.000018, 1, 1575484151.5286627,
00500, 00500, 0.000003, 0.000030, 0.999795, 0.000120, 0.000052, 1, 1575484166.2183685,
00501, 00501, 0.000003, 0.000058, 0.999897, 0.000032, 0.000010, 1, 1575484180.5319233,
00502, 00502, 0.000001, 0.000042, 0.999916, 0.000027, 0.000012, 1, 1575484196.7040472,
00503, 00503, 0.000002, 0.000040, 0.999876, 0.000052, 0.000030, 1, 1575484210.947091,
00504, 00504, 0.000002, 0.000029, 0.999850, 0.000081, 0.000038, 1, 1575484225.2195346,
00505, 00505, 0.000002, 0.000033, 0.999869, 0.000066, 0.000031, 1, 1575484238.691783,
00506, 00506, 0.000002, 0.000028, 0.999867, 0.000069, 0.000034, 1, 1575484254.179819,
00507, 00507, 0.000003, 0.000032, 0.999705, 0.000171, 0.000089, 1, 1575484269.296996,
00508, 00508, 0.000005, 0.000036, 0.999123, 0.000586, 0.000250, 1, 1575484283.5956326,
00509, 00509, 0.000009, 0.000047, 0.997358, 0.001841, 0.000746, 1, 1575484298.339733,
00510, 00510, 0.000002, 0.000031, 0.999867, 0.000066, 0.000034, 1, 1575484313.008345,
00511, 00511, 0.000002, 0.000031, 0.999828, 0.000091, 0.000047, 1, 1575484327.5005782,
00512, 00512, 0.000003, 0.000033, 0.999780, 0.000134, 0.000050, 1, 1575484342.0931304,
00513, 00513, 0.000002, 0.000035, 0.999908, 0.000038, 0.000018, 1, 1575484356.6967313,
00514, 00514, 0.000001, 0.000075, 0.999891, 0.000024, 0.000008, 1, 1575484372.1675758,
00515, 00515, 0.000002, 0.000038, 0.999913, 0.000030, 0.000017, 1, 1575484388.46978,
00516, 00516, 0.000005, 0.000035, 0.999332, 0.000444, 0.000185, 1, 1575484402.5213726,
00517, 00517, 0.000002, 0.000029, 0.999858, 0.000078, 0.000032, 1, 1575484418.0061734,
00518, 00518, 0.000002, 0.000038, 0.999897, 0.000048, 0.000015, 1, 1575484435.8417664,
00519, 00519, 0.000001, 0.000037, 0.999916, 0.000032, 0.000014, 1, 1575484450.9332983,
00520, 00520, 0.000004, 0.000054, 0.999846, 0.000073, 0.000022, 1, 1575484465.1401894,
00521, 00521, 0.000003, 0.000031, 0.999893, 0.000047, 0.000026, 1, 1575484481.7693846,
00522, 00522, 0.000004, 0.000031, 0.999578, 0.000262, 0.000124, 1, 1575484496.9011378,
00523, 00523, 0.000041, 0.000134, 0.895473, 0.090686, 0.013666, 1, 1575484512.431899,
00524, 00524, 0.000001, 0.000042, 0.999917, 0.000027, 0.000012, 1, 1575484527.1644793,
00525, 00525, 0.000003, 0.000162, 0.999681, 0.000138, 0.000017, 1, 1575484543.436877,
00526, 00526, 0.000001, 0.000053, 0.999908, 0.000027, 0.000011, 1, 1575484561.5212517,
00527, 00527, 0.000006, 0.000034, 0.998989, 0.000648, 0.000323, 1, 1575484576.8788393,
00528, 00528, 0.000002, 0.000032, 0.999897, 0.000048, 0.000022, 1, 1575484592.023929,
00529, 00529, 0.000025, 0.000072, 0.979373, 0.016213, 0.004317, 1, 1575484608.8634918,
00530, 00530, 0.000046, 0.000150, 0.849422, 0.133137, 0.017245, 1, 1575484623.4613333,
00531, 00531, 0.000014, 0.000060, 0.989833, 0.007673, 0.002419, 1, 1575484638.6488674,
00532, 00532, 0.000003, 0.000030, 0.999817, 0.000092, 0.000059, 1, 1575484653.0534427,
00533, 00533, 0.000007, 0.000037, 0.998247, 0.001190, 0.000519, 1, 1575484668.371947,
00534, 00534, 0.000002, 0.000027, 0.999864, 0.000068, 0.000039, 1, 1575484684.0418153,
00535, 00535, 0.000004, 0.000034, 0.999361, 0.000413, 0.000189, 1, 1575484698.4024518,
00536, 00536, 0.000002, 0.000073, 0.999858, 0.000042, 0.000024, 1, 1575484714.3420117,
00537, 00537, 0.000003, 0.000079, 0.999868, 0.000039, 0.000011, 1, 1575484731.6864743,
00538, 00538, 0.000003, 0.000028, 0.999750, 0.000144, 0.000075, 1, 1575484747.6359954,
00539, 00539, 0.000006, 0.000036, 0.998865, 0.000728, 0.000365, 1, 1575484762.7461462,
00540, 00540, 0.000002, 0.000038, 0.999902, 0.000039, 0.000019, 1, 1575484779.1883347,
00541, 00541, 0.000002, 0.000036, 0.999884, 0.000052, 0.000026, 1, 1575484795.3050206,
00542, 00542, 0.000004, 0.000235, 0.999661, 0.000069, 0.000031, 1, 1575484812.7909615,
00543, 00543, 0.000011, 0.000053, 0.999300, 0.000490, 0.000146, 1, 1575484830.7712448,
00544, 00544, 0.000007, 0.000036, 0.998412, 0.001049, 0.000496, 1, 1575484848.6164398,
00545, 00545, 0.000002, 0.000029, 0.999877, 0.000062, 0.000030, 1, 1575484864.7221394,
00546, 00546, 0.000002, 0.000031, 0.999872, 0.000064, 0.000031, 1, 1575484881.8025026,
00547, 00547, 0.000005, 0.000034, 0.999627, 0.000248, 0.000086, 1, 1575484897.2009509,
00548, 00548, 0.000003, 0.000032, 0.999892, 0.000053, 0.000020, 1, 1575484912.6510437,
00549, 00549, 0.000003, 0.000040, 0.999768, 0.000126, 0.000064, 1, 1575484931.7803793,
00550, 00550, 0.000001, 0.000036, 0.999921, 0.000026, 0.000015, 1, 1575484948.160172,
00551, 00551, 0.000003, 0.000026, 0.999763, 0.000126, 0.000082, 1, 1575484964.8662126,
00552, 00552, 0.000002, 0.000034, 0.999887, 0.000055, 0.000022, 1, 1575484982.8463528,
00553, 00553, 0.000002, 0.000029, 0.999865, 0.000070, 0.000034, 1, 1575484998.122658,
00554, 00554, 0.000014, 0.000059, 0.991996, 0.005941, 0.001990, 1, 1575485013.9929018,
00555, 00555, 0.000002, 0.000032, 0.999900, 0.000040, 0.000027, 1, 1575485029.503531,
00556, 00556, 0.000012, 0.000054, 0.993014, 0.005153, 0.001767, 1, 1575485045.0356534,
00557, 00557, 0.000061, 0.000182, 0.669067, 0.303480, 0.027210, 1, 1575485059.4732876,
00558, 00558, 0.000002, 0.000029, 0.999878, 0.000063, 0.000028, 1, 1575485074.6470916,
00559, 00559, 0.000010, 0.000046, 0.998843, 0.000850, 0.000251, 1, 1575485091.2803175,
00560, 00560, 0.000004, 0.000031, 0.999506, 0.000311, 0.000148, 1, 1575485107.7906475,
00561, 00561, 0.000003, 0.000029, 0.999875, 0.000065, 0.000029, 1, 1575485124.6871836,
00562, 00562, 0.000005, 0.000036, 0.999268, 0.000472, 0.000219, 1, 1575485141.078057,
00563, 00563, 0.000003, 0.000051, 0.999897, 0.000037, 0.000012, 1, 1575485159.3492143,
00564, 00564, 0.000002, 0.000034, 0.999910, 0.000035, 0.000019, 1, 1575485176.153452,
00565, 00565, 0.000002, 0.000030, 0.999875, 0.000062, 0.000030, 1, 1575485191.4086173,
00566, 00566, 0.000003, 0.000036, 0.999846, 0.000089, 0.000026, 1, 1575485206.903849,
00567, 00567, 0.000015, 0.000068, 0.989029, 0.008684, 0.002204, 1, 1575485223.6272318,
00568, 00568, 0.000004, 0.000029, 0.999569, 0.000265, 0.000134, 1, 1575485239.9805605,
00569, 00569, 0.000007, 0.000040, 0.998514, 0.001004, 0.000436, 1, 1575485256.9240465,
00570, 00570, 0.000001, 0.000051, 0.999915, 0.000022, 0.000010, 1, 1575485273.0937665,
00571, 00571, 0.000002, 0.000033, 0.999898, 0.000042, 0.000025, 1, 1575485289.982345,
00572, 00572, 0.000006, 0.000044, 0.999676, 0.000208, 0.000067, 1, 1575485309.1514876,
00573, 00573, 0.000003, 0.000030, 0.999853, 0.000082, 0.000032, 1, 1575485324.9552906,
00574, 00574, 0.000002, 0.000026, 0.999838, 0.000087, 0.000046, 1, 1575485341.5267947,
00575, 00575, 0.000004, 0.000035, 0.999590, 0.000264, 0.000106, 1, 1575485359.1244733,
00576, 00576, 0.000012, 0.000053, 0.993125, 0.005049, 0.001762, 1, 1575485374.1846228,
00577, 00577, 0.000014, 0.000062, 0.989339, 0.008113, 0.002472, 1, 1575485390.7468932,
00578, 00578, 0.000009, 0.000044, 0.996675, 0.002328, 0.000944, 1, 1575485408.2599673,
00579, 00579, 0.000059, 0.000153, 0.300825, 0.664417, 0.034545, 0, 1575485423.618906,
00580, 00580, 0.000041, 0.000136, 0.893580, 0.092490, 0.013753, 1, 1575485439.0807557,
00581, 00581, 0.000035, 0.031474, 0.968305, 0.000136, 0.000051, 1, 1575485455.1503706,
00582, 00582, 0.000002, 0.000061, 0.999896, 0.000026, 0.000016, 1, 1575485471.2697554,
00583, 00583, 0.000002, 0.000030, 0.999882, 0.000059, 0.000027, 1, 1575485488.3310633,
00584, 00584, 0.000002, 0.000036, 0.999914, 0.000034, 0.000014, 1, 1575485504.2477055,
00585, 00585, 0.000003, 0.000028, 0.999686, 0.000187, 0.000095, 1, 1575485520.8055198,
00586, 00586, 0.000005, 0.000032, 0.999340, 0.000429, 0.000194, 1, 1575485538.2444477,
00587, 00587, 0.000008, 0.000044, 0.998079, 0.001393, 0.000476, 1, 1575485553.865259,
00588, 00588, 0.000003, 0.000065, 0.999889, 0.000034, 0.000010, 1, 1575485570.3873093,
00589, 00589, 0.000002, 0.000039, 0.999894, 0.000046, 0.000020, 1, 1575485588.1364875,
00590, 00590, 0.000002, 0.000032, 0.999896, 0.000048, 0.000022, 1, 1575485605.218109,
00591, 00591, 0.000007, 0.000041, 0.998550, 0.001030, 0.000372, 1, 1575485625.6945965,
00592, 00592, 0.000005, 0.000035, 0.999489, 0.000348, 0.000123, 1, 1575485644.8676016,
00593, 00593, 0.000002, 0.000030, 0.999900, 0.000044, 0.000024, 1, 1575485661.2366145,
00594, 00594, 0.000004, 0.000051, 0.999681, 0.000208, 0.000056, 1, 1575485679.5821607,
00595, 00595, 0.000003, 0.000028, 0.999719, 0.000149, 0.000101, 1, 1575485696.1199853,
00596, 00596, 0.000002, 0.000033, 0.999904, 0.000044, 0.000017, 1, 1575485713.1079698,
00597, 00597, 0.000005, 0.000586, 0.999367, 0.000029, 0.000013, 1, 1575485730.8518343,
00598, 00598, 0.000002, 0.000033, 0.999892, 0.000050, 0.000023, 1, 1575485748.3155487,
00599, 00599, 0.000038, 0.000128, 0.908493, 0.078806, 0.012535, 1, 1575485764.0811095,
00600, 00600, 0.000022, 0.000085, 0.972630, 0.022044, 0.005219, 1, 1575485779.8657117,
00601, 00601, 0.000064, 0.000178, 0.463862, 0.502511, 0.033385, 0, 1575485795.7288363,
00602, 00602, 0.000004, 0.000030, 0.999501, 0.000312, 0.000152, 1, 1575485811.8574505,
00603, 00603, 0.000006, 0.000036, 0.998628, 0.000916, 0.000412, 1, 1575485827.6888902,
00604, 00604, 0.000002, 0.000043, 0.999898, 0.000044, 0.000012, 1, 1575485843.4403703,
00605, 00605, 0.000002, 0.000036, 0.999898, 0.000048, 0.000016, 1, 1575485860.7103055,
00606, 00606, 0.000003, 0.000034, 0.999728, 0.000177, 0.000057, 1, 1575485876.5804121,
00607, 00607, 0.000002, 0.000036, 0.999912, 0.000035, 0.000015, 1, 1575485892.7554727,
00608, 00608, 0.000002, 0.000028, 0.999863, 0.000069, 0.000038, 1, 1575485909.4054966,
00609, 00609, 0.000004, 0.000030, 0.999573, 0.000266, 0.000127, 1, 1575485927.626573,
00610, 00610, 0.000005, 0.000131, 0.999706, 0.000111, 0.000047, 1, 1575485946.373386,
00611, 00611, 0.000004, 0.000034, 0.999749, 0.000161, 0.000051, 1, 1575485962.4590828,
00612, 00612, 0.000003, 0.000029, 0.999742, 0.000146, 0.000080, 1, 1575485980.1805048,
00613, 00613, 0.000004, 0.000031, 0.999699, 0.000186, 0.000081, 1, 1575485997.4989636,
00614, 00614, 0.000008, 0.000040, 0.997617, 0.001644, 0.000690, 1, 1575486015.9983532,
00615, 00615, 0.000003, 0.000027, 0.999765, 0.000131, 0.000074, 1, 1575486034.8123345,
00616, 00616, 0.000002, 0.000029, 0.999907, 0.000041, 0.000022, 1, 1575486053.9492435,
00617, 00617, 0.000003, 0.000034, 0.999787, 0.000134, 0.000042, 1, 1575486070.6741185,
00618, 00618, 0.000002, 0.000031, 0.999881, 0.000054, 0.000032, 1, 1575486087.574883,
00619, 00619, 0.000003, 0.000028, 0.999696, 0.000181, 0.000092, 1, 1575486105.2097354,
00620, 00620, 0.000005, 0.000035, 0.999116, 0.000584, 0.000261, 1, 1575486123.29039,
00621, 00621, 0.000003, 0.000029, 0.999767, 0.000138, 0.000064, 1, 1575486141.2172985,
00622, 00622, 0.000053, 0.000168, 0.782870, 0.195366, 0.021544, 1, 1575486157.4691885,
00623, 00623, 0.000009, 0.000043, 0.996997, 0.002092, 0.000859, 1, 1575486173.7394204,
00624, 00624, 0.000011, 0.000049, 0.995012, 0.003589, 0.001339, 1, 1575486190.48608,
00625, 00625, 0.000002, 0.000029, 0.999878, 0.000060, 0.000032, 1, 1575486207.6886935,
00626, 00626, 0.000005, 0.000054, 0.999356, 0.000410, 0.000175, 1, 1575486225.5418582,
00627, 00627, 0.000010, 0.000064, 0.999614, 0.000243, 0.000069, 1, 1575486245.6761286,
00628, 00628, 0.000006, 0.000037, 0.999280, 0.000509, 0.000168, 1, 1575486264.0473537,
00629, 00629, 0.000002, 0.000040, 0.999897, 0.000038, 0.000023, 1, 1575486280.7818353,
00630, 00630, 0.000003, 0.000036, 0.999784, 0.000128, 0.000050, 1, 1575486298.9249945,
00631, 00631, 0.000002, 0.000032, 0.999893, 0.000051, 0.000022, 1, 1575486317.8727632,
00632, 00632, 0.000002, 0.000041, 0.999917, 0.000029, 0.000011, 1, 1575486334.2762477,
00633, 00633, 0.000002, 0.000029, 0.999879, 0.000058, 0.000032, 1, 1575486351.4838939,
00634, 00634, 0.000001, 0.000037, 0.999914, 0.000032, 0.000015, 1, 1575486368.3136597,
00635, 00635, 0.000003, 0.000031, 0.999744, 0.000158, 0.000064, 1, 1575486385.5000057,
00636, 00636, 0.000004, 0.000032, 0.999332, 0.000423, 0.000208, 1, 1575486404.3002682,
00637, 00637, 0.000002, 0.000031, 0.999859, 0.000074, 0.000034, 1, 1575486422.930059,
00638, 00638, 0.000008, 0.000050, 0.999078, 0.000672, 0.000192, 1, 1575486440.2710567,
00639, 00639, 0.000002, 0.000043, 0.999915, 0.000030, 0.000011, 1, 1575486458.208413,
00640, 00640, 0.000006, 0.000040, 0.998917, 0.000794, 0.000242, 1, 1575486476.1938047,
00641, 00641, 0.000002, 0.000027, 0.999844, 0.000083, 0.000043, 1, 1575486494.439893,
00642, 00642, 0.000004, 0.000029, 0.999570, 0.000245, 0.000153, 1, 1575486513.0713534,
00643, 00643, 0.000003, 0.000029, 0.999836, 0.000092, 0.000040, 1, 1575486533.1212437,
00644, 00644, 0.000040, 0.000134, 0.898998, 0.087524, 0.013304, 1, 1575486550.1339223,
00645, 00645, 0.000008, 0.000043, 0.997108, 0.002012, 0.000829, 1, 1575486567.338609,
00646, 00646, 0.000036, 0.000125, 0.914620, 0.073458, 0.011762, 1, 1575486583.9133685,
00647, 00647, 0.000007, 0.000039, 0.998055, 0.001324, 0.000575, 1, 1575486600.6389813,
00648, 00648, 0.000001, 0.000048, 0.999914, 0.000026, 0.000010, 1, 1575486618.854902,
00649, 00649, 0.000002, 0.000037, 0.999911, 0.000031, 0.000019, 1, 1575486635.9675004,
00650, 00650, 0.000006, 0.000076, 0.999849, 0.000053, 0.000016, 1, 1575486655.8789067,
00651, 00651, 0.000001, 0.000045, 0.999905, 0.000037, 0.000011, 1, 1575486674.2045634,
00652, 00652, 0.000003, 0.000031, 0.999620, 0.000233, 0.000112, 1, 1575486692.2933443,
00653, 00653, 0.000002, 0.000033, 0.999893, 0.000049, 0.000022, 1, 1575486710.8374224,
00654, 00654, 0.000004, 0.000047, 0.999838, 0.000084, 0.000027, 1, 1575486730.7784219,
00655, 00655, 0.000002, 0.000033, 0.999907, 0.000039, 0.000020, 1, 1575486748.3715518,
00656, 00656, 0.000003, 0.000031, 0.999732, 0.000164, 0.000070, 1, 1575486768.241623,
00657, 00657, 0.000014, 0.000061, 0.990390, 0.007389, 0.002146, 1, 1575486786.363527,
00658, 00658, 0.000004, 0.000030, 0.999424, 0.000352, 0.000190, 1, 1575486806.6448805,
00659, 00659, 0.000002, 0.000030, 0.999857, 0.000079, 0.000031, 1, 1575486826.326097,
00660, 00660, 0.000004, 0.000033, 0.999757, 0.000154, 0.000053, 1, 1575486844.9244084,
00661, 00661, 0.000002, 0.000038, 0.999874, 0.000055, 0.000031, 1, 1575486863.8338604,
00662, 00662, 0.000009, 0.000046, 0.998610, 0.001035, 0.000301, 1, 1575486882.9844964,
00663, 00663, 0.000003, 0.000029, 0.999620, 0.000231, 0.000116, 1, 1575486901.345034,
00664, 00664, 0.000005, 0.000032, 0.999068, 0.000600, 0.000295, 1, 1575486920.0209715,
00665, 00665, 0.000002, 0.000033, 0.999889, 0.000052, 0.000023, 1, 1575486939.8167439,
00666, 00666, 0.000046, 0.000151, 0.848097, 0.134423, 0.017283, 1, 1575486956.9828212,
00667, 00667, 0.000034, 0.000118, 0.928866, 0.060529, 0.010454, 1, 1575486974.1506515,
00668, 00668, 0.000007, 0.000039, 0.998263, 0.001182, 0.000510, 1, 1575486993.9927938,
00669, 00669, 0.000002, 0.000037, 0.999912, 0.000036, 0.000014, 1, 1575487011.8008952,
00670, 00670, 0.000002, 0.000033, 0.999895, 0.000051, 0.000020, 1, 1575487031.571572,
00671, 00671, 0.000002, 0.000082, 0.999876, 0.000029, 0.000011, 1, 1575487051.17824,
00672, 00672, 0.000002, 0.000033, 0.999884, 0.000056, 0.000026, 1, 1575487069.3428476,
00673, 00673, 0.000008, 0.000041, 0.997331, 0.001789, 0.000831, 1, 1575487088.2489388,
00674, 00674, 0.000006, 0.000036, 0.998572, 0.000925, 0.000461, 1, 1575487111.6422439,
00675, 00675, 0.000051, 0.000163, 0.802536, 0.176934, 0.020317, 1, 1575487128.8803132,
00676, 00676, 0.000007, 0.000038, 0.998294, 0.001155, 0.000506, 1, 1575487147.0211732,
00677, 00677, 0.000010, 0.000046, 0.996147, 0.002731, 0.001066, 1, 1575487164.748263,
00678, 00678, 0.000002, 0.000045, 0.999865, 0.000064, 0.000025, 1, 1575487183.7301483,
00679, 00679, 0.000002, 0.000041, 0.999902, 0.000042, 0.000013, 1, 1575487203.3416073,
00680, 00680, 0.000002, 0.000036, 0.999908, 0.000037, 0.000016, 1, 1575487223.3478897,
00681, 00681, 0.000003, 0.000027, 0.999722, 0.000154, 0.000094, 1, 1575487241.7206187,
00682, 00682, 0.000003, 0.000028, 0.999743, 0.000150, 0.000076, 1, 1575487260.28811,
00683, 00683, 0.000002, 0.000034, 0.999895, 0.000048, 0.000022, 1, 1575487280.3334277,
00684, 00684, 0.000027, 0.000099, 0.956855, 0.035737, 0.007283, 1, 1575487297.8210406,
00685, 00685, 0.000014, 0.000063, 0.989870, 0.007657, 0.002396, 1, 1575487316.3063946,
00686, 00686, 0.000006, 0.000038, 0.998437, 0.001053, 0.000467, 1, 1575487336.3855846,
00687, 00687, 0.000003, 0.000035, 0.999884, 0.000059, 0.000020, 1, 1575487357.0218902,
00688, 00688, 0.000003, 0.000028, 0.999832, 0.000093, 0.000045, 1, 1575487376.2131715,
00689, 00689, 0.000002, 0.000034, 0.999887, 0.000056, 0.000021, 1, 1575487396.4181874,
00690, 00690, 0.000002, 0.000032, 0.999854, 0.000082, 0.000030, 1, 1575487416.7323349,
00691, 00691, 0.000004, 0.000052, 0.999863, 0.000061, 0.000019, 1, 1575487434.867864,
00692, 00692, 0.000002, 0.000055, 0.999889, 0.000034, 0.000021, 1, 1575487453.3649364,
00693, 00693, 0.000002, 0.000033, 0.999843, 0.000080, 0.000041, 1, 1575487473.6572511,
00694, 00694, 0.000006, 0.000041, 0.999059, 0.000686, 0.000208, 1, 1575487492.9654253,
00695, 00695, 0.000002, 0.000029, 0.999862, 0.000074, 0.000033, 1, 1575487511.3977637,
00696, 00696, 0.000002, 0.000034, 0.999897, 0.000050, 0.000017, 1, 1575487531.1809168,
00697, 00697, 0.000002, 0.000031, 0.999830, 0.000096, 0.000041, 1, 1575487549.396591,
00698, 00698, 0.000001, 0.000039, 0.999915, 0.000030, 0.000015, 1, 1575487570.073669,
00699, 00699, 0.000003, 0.000027, 0.999753, 0.000141, 0.000076, 1, 1575487590.9617674,
00700, 00700, 0.000003, 0.000032, 0.999801, 0.000120, 0.000044, 1, 1575487610.997909,
00701, 00701, 0.000003, 0.000035, 0.999814, 0.000114, 0.000034, 1, 1575487630.4448605,
00702, 00702, 0.000003, 0.000035, 0.999836, 0.000096, 0.000031, 1, 1575487650.9476004,
00703, 00703, 0.000003, 0.000033, 0.999703, 0.000190, 0.000071, 1, 1575487670.0769618,
00704, 00704, 0.000004, 0.000034, 0.999797, 0.000124, 0.000042, 1, 1575487692.564069,
00705, 00705, 0.000002, 0.000032, 0.999889, 0.000052, 0.000025, 1, 1575487713.7702117,
00706, 00706, 0.000002, 0.000084, 0.999871, 0.000033, 0.000009, 1, 1575487732.8488655,
00707, 00707, 0.000003, 0.000035, 0.999818, 0.000110, 0.000033, 1, 1575487752.5692964,
00708, 00708, 0.000004, 0.000037, 0.999581, 0.000289, 0.000089, 1, 1575487772.1951878,
00709, 00709, 0.000003, 0.000031, 0.999814, 0.000111, 0.000042, 1, 1575487792.7818208,
00710, 00710, 0.000002, 0.000028, 0.999881, 0.000059, 0.000030, 1, 1575487810.9592786,
00711, 00711, 0.000003, 0.000027, 0.999734, 0.000151, 0.000085, 1, 1575487830.4982996,
00712, 00712, 0.000002, 0.000030, 0.999872, 0.000065, 0.000032, 1, 1575487848.8455706,
00713, 00713, 0.000028, 0.000109, 0.976350, 0.020337, 0.003177, 1, 1575487868.306888,
00714, 00714, 0.000005, 0.000043, 0.999802, 0.000114, 0.000037, 1, 1575487887.63866,
00715, 00715, 0.000003, 0.000042, 0.999881, 0.000058, 0.000017, 1, 1575487910.426842,
00716, 00716, 0.000005, 0.000094, 0.999819, 0.000063, 0.000018, 1, 1575487931.4899018,
00717, 00717, 0.000005, 0.000050, 0.999417, 0.000421, 0.000107, 1, 1575487958.2806184,
00718, 00718, 0.000005, 0.000038, 0.999565, 0.000296, 0.000096, 1, 1575487978.7507973,
00719, 00719, 0.000004, 0.000043, 0.999824, 0.000099, 0.000030, 1, 1575487998.6838331,
00720, 00720, 0.000003, 0.000061, 0.999879, 0.000045, 0.000012, 1, 1575488018.8682907,
00721, 00721, 0.000003, 0.000035, 0.999845, 0.000090, 0.000027, 1, 1575488039.0877101,
00722, 00722, 0.000003, 0.000036, 0.999877, 0.000065, 0.000019, 1, 1575488058.750084,
00723, 00723, 0.000012, 0.000053, 0.996763, 0.002489, 0.000684, 1, 1575488078.3252895,
00724, 00724, 0.000027, 0.000073, 0.051175, 0.932042, 0.016682, 0, 1575488097.8640583,
00725, 00725, 0.000006, 0.000041, 0.998938, 0.000762, 0.000254, 1, 1575488117.6064894,
00726, 00726, 0.000046, 0.000138, 0.158387, 0.818637, 0.022792, 0, 1575488137.1418936,
00727, 00727, 0.000003, 0.000029, 0.999811, 0.000109, 0.000048, 1, 1575488156.5609906,
00728, 00728, 0.000006, 0.000038, 0.999253, 0.000526, 0.000176, 1, 1575488175.5875883,
00729, 00729, 0.000002, 0.000268, 0.999684, 0.000031, 0.000016, 1, 1575488199.5242496,
00730, 00730, 0.000008, 0.000048, 0.997496, 0.001892, 0.000555, 1, 1575488218.6780112,
00731, 00731, 0.000005, 0.000040, 0.999169, 0.000600, 0.000186, 1, 1575488238.8746057,
00732, 00732, 0.000004, 0.000034, 0.999750, 0.000160, 0.000052, 1, 1575488259.9030144,
00733, 00733, 0.000009, 0.000210, 0.999470, 0.000234, 0.000077, 1, 1575488282.4042792,
00734, 00734, 0.000003, 0.000031, 0.999815, 0.000108, 0.000043, 1, 1575488301.8392596,
00735, 00735, 0.000011, 0.000293, 0.999572, 0.000097, 0.000026, 1, 1575488324.235377,
00736, 00736, 0.000003, 0.000036, 0.999835, 0.000097, 0.000029, 1, 1575488343.3315225,
00737, 00737, 0.000016, 0.000070, 0.993188, 0.005504, 0.001223, 1, 1575488363.6052232,
00738, 00738, 0.000005, 0.000056, 0.999860, 0.000060, 0.000019, 1, 1575488386.5528433,
00739, 00739, 0.000003, 0.000086, 0.999787, 0.000083, 0.000042, 1, 1575488406.5995939,
00740, 00740, 0.000002, 0.000038, 0.999889, 0.000055, 0.000016, 1, 1575488425.7271962,
00741, 00741, 0.000010, 0.000043, 0.999140, 0.000612, 0.000196, 1, 1575488444.8619142,
00742, 00742, 0.000005, 0.000039, 0.999474, 0.000369, 0.000113, 1, 1575488463.9008281,
00743, 00743, 0.000004, 0.000126, 0.999808, 0.000049, 0.000013, 1, 1575488486.7973206,
00744, 00744, 0.000002, 0.000080, 0.999879, 0.000030, 0.000009, 1, 1575488507.4826143,
00745, 00745, 0.000051, 0.000148, 0.184815, 0.791326, 0.023661, 0, 1575488527.0505855,
00746, 00746, 0.000027, 0.000110, 0.978761, 0.018309, 0.002793, 1, 1575488547.369829,
00747, 00747, 0.000009, 0.000047, 0.997991, 0.001503, 0.000449, 1, 1575488567.656511,
00748, 00748, 0.000022, 0.000056, 0.032885, 0.952252, 0.014785, 0, 1575488587.7001123,
00749, 00749, 0.000051, 0.000156, 0.206660, 0.768665, 0.024468, 0, 1575488607.6371365,
00750, 00750, 0.000011, 0.000054, 0.999390, 0.000420, 0.000124, 1, 1575488629.3931682,
00751, 00751, 0.000002, 0.000047, 0.999849, 0.000065, 0.000037, 1, 1575488656.136131,
00752, 00752, 0.000005, 0.000036, 0.999371, 0.000430, 0.000159, 1, 1575488675.6757884,
00753, 00753, 0.000003, 0.000036, 0.999817, 0.000109, 0.000034, 1, 1575488695.7148168,
00754, 00754, 0.000006, 0.000039, 0.999727, 0.000171, 0.000058, 1, 1575488716.7137754,
00755, 00755, 0.000005, 0.000039, 0.999279, 0.000509, 0.000168, 1, 1575488738.2606409,
00756, 00756, 0.000003, 0.000031, 0.999781, 0.000129, 0.000057, 1, 1575488757.708609,
00757, 00757, 0.000002, 0.000030, 0.999821, 0.000095, 0.000052, 1, 1575488778.2855957,
00758, 00758, 0.000003, 0.000049, 0.999782, 0.000117, 0.000049, 1, 1575488799.4639857,
00759, 00759, 0.000005, 0.000038, 0.999288, 0.000508, 0.000161, 1, 1575488819.9979086,
00760, 00760, 0.000012, 0.000057, 0.999035, 0.000707, 0.000189, 1, 1575488840.138273,
00761, 00761, 0.000009, 0.000044, 0.998862, 0.000837, 0.000248, 1, 1575488860.913204,
00762, 00762, 0.000003, 0.000032, 0.999794, 0.000127, 0.000042, 1, 1575488883.286643,
00763, 00763, 0.000003, 0.000029, 0.999832, 0.000091, 0.000044, 1, 1575488904.270336,
00764, 00764, 0.000003, 0.000061, 0.999810, 0.000083, 0.000044, 1, 1575488927.0393898,
00765, 00765, 0.000003, 0.000037, 0.999876, 0.000065, 0.000019, 1, 1575488946.4339738,
00766, 00766, 0.000004, 0.000039, 0.999838, 0.000092, 0.000028, 1, 1575488967.0776558,
00767, 00767, 0.000009, 0.000045, 0.999169, 0.000593, 0.000183, 1, 1575488989.7449079,
00768, 00768, 0.000003, 0.000034, 0.999780, 0.000139, 0.000044, 1, 1575489010.4149394,
00769, 00769, 0.000008, 0.000046, 0.998771, 0.000909, 0.000266, 1, 1575489030.8168929,
00770, 00770, 0.000058, 0.000188, 0.303172, 0.671455, 0.025126, 0, 1575489051.164341,
00771, 00771, 0.000003, 0.000047, 0.999875, 0.000060, 0.000016, 1, 1575489072.3210168,
00772, 00772, 0.000006, 0.000039, 0.999445, 0.000390, 0.000120, 1, 1575489093.2767627,
00773, 00773, 0.000006, 0.000491, 0.999412, 0.000067, 0.000025, 1, 1575489115.8786118,
00774, 00774, 0.000003, 0.000032, 0.999766, 0.000147, 0.000052, 1, 1575489136.8680167,
00775, 00775, 0.000003, 0.000034, 0.999810, 0.000117, 0.000037, 1, 1575489159.4691412,
00776, 00776, 0.000003, 0.000033, 0.999805, 0.000120, 0.000039, 1, 1575489179.8957076,
00777, 00777, 0.000003, 0.000036, 0.999713, 0.000191, 0.000056, 1, 1575489201.7388587,
00778, 00778, 0.000002, 0.000054, 0.999899, 0.000035, 0.000010, 1, 1575489224.4589975,
00779, 00779, 0.000003, 0.000035, 0.999850, 0.000087, 0.000026, 1, 1575489246.299269,
00780, 00780, 0.000004, 0.000034, 0.999767, 0.000144, 0.000051, 1, 1575489268.1105382,
00781, 00781, 0.000002, 0.000040, 0.999905, 0.000040, 0.000013, 1, 1575489290.3712811,
00782, 00782, 0.000004, 0.000038, 0.999778, 0.000138, 0.000042, 1, 1575489313.4274,
00783, 00783, 0.000002, 0.000052, 0.999903, 0.000034, 0.000010, 1, 1575489334.4473748,
00784, 00784, 0.000002, 0.000038, 0.999847, 0.000088, 0.000025, 1, 1575489356.7769306,
00785, 00785, 0.000001, 0.000060, 0.999907, 0.000023, 0.000008, 1, 1575489376.501983,
00786, 00786, 0.000001, 0.000038, 0.999915, 0.000030, 0.000016, 1, 1575489396.4853814,
00787, 00787, 0.000008, 0.000060, 0.999759, 0.000132, 0.000040, 1, 1575489417.1735604,
00788, 00788, 0.000003, 0.000036, 0.999838, 0.000094, 0.000029, 1, 1575489438.3980076,
00789, 00789, 0.000003, 0.000036, 0.999832, 0.000099, 0.000031, 1, 1575489460.0107465,
00790, 00790, 0.000009, 0.000048, 0.997909, 0.001570, 0.000464, 1, 1575489482.1856031,
00791, 00791, 0.000017, 0.000041, 0.018996, 0.968859, 0.012086, 0, 1575489503.2302673,
00792, 00792, 0.000030, 0.000081, 0.063144, 0.918389, 0.018356, 0, 1575489524.3329039,
00793, 00793, 0.000012, 0.000028, 0.008719, 0.982698, 0.008543, 0, 1575489545.1361883,
00794, 00794, 0.000007, 0.000041, 0.999188, 0.000589, 0.000175, 1, 1575489566.610207,
00795, 00795, 0.000006, 0.000040, 0.999332, 0.000477, 0.000144, 1, 1575489587.7884932,
00796, 00796, 0.000004, 0.000034, 0.999629, 0.000246, 0.000087, 1, 1575489608.3054638,
00797, 00797, 0.000005, 0.000049, 0.999840, 0.000081, 0.000026, 1, 1575489629.3478146,
00798, 00798, 0.000003, 0.000029, 0.999756, 0.000143, 0.000069, 1, 1575489651.3478227,
00799, 00799, 0.000008, 0.000046, 0.997957, 0.001519, 0.000470, 1, 1575489672.5100977,
00800, 00800, 0.000002, 0.000038, 0.999899, 0.000046, 0.000014, 1, 1575489693.7740724,
00801, 00801, 0.000004, 0.000036, 0.999670, 0.000222, 0.000069, 1, 1575489716.2534175,
00802, 00802, 0.000002, 0.000029, 0.999872, 0.000064, 0.000032, 1, 1575489736.9315717,
00803, 00803, 0.000003, 0.000041, 0.999826, 0.000102, 0.000029, 1, 1575489758.681947,
00804, 00804, 0.000008, 0.002723, 0.997185, 0.000062, 0.000022, 1, 1575489780.5522146,
00805, 00805, 0.000005, 0.000038, 0.999549, 0.000311, 0.000097, 1, 1575489802.2212384,
00806, 00806, 0.000003, 0.000040, 0.999869, 0.000068, 0.000019, 1, 1575489824.2248607,
00807, 00807, 0.000008, 0.000044, 0.998006, 0.001439, 0.000503, 1, 1575489846.4532483,
00808, 00808, 0.000005, 0.000040, 0.999152, 0.000617, 0.000185, 1, 1575489867.9019814,
00809, 00809, 0.000002, 0.000029, 0.999875, 0.000066, 0.000028, 1, 1575489888.876464,
00810, 00810, 0.000004, 0.000080, 0.999746, 0.000118, 0.000052, 1, 1575489911.9221933,
00811, 00811, 0.000003, 0.000035, 0.999809, 0.000118, 0.000036, 1, 1575489935.433091,
00812, 00812, 0.000003, 0.000036, 0.999690, 0.000206, 0.000064, 1, 1575489956.7158418,
00813, 00813, 0.000003, 0.000053, 0.999904, 0.000031, 0.000010, 1, 1575489979.888398,
00814, 00814, 0.000014, 0.000034, 0.012228, 0.977828, 0.009896, 0, 1575490001.578539,
00815, 00815, 0.000046, 0.000139, 0.164738, 0.811636, 0.023441, 0, 1575490023.3658068,
00816, 00816, 0.000017, 0.000041, 0.017673, 0.970919, 0.011349, 0, 1575490044.9387727,
00817, 00817, 0.000008, 0.000043, 0.998822, 0.000874, 0.000253, 1, 1575490066.626314,
00818, 00818, 0.000005, 0.000033, 0.999197, 0.000504, 0.000261, 1, 1575490087.0356572,
00819, 00819, 0.000012, 0.000053, 0.999217, 0.000553, 0.000165, 1, 1575490109.776737,
00820, 00820, 0.000003, 0.000032, 0.999745, 0.000161, 0.000059, 1, 1575490130.6593616,
00821, 00821, 0.000003, 0.000034, 0.999832, 0.000100, 0.000031, 1, 1575490153.11656,
00822, 00822, 0.000012, 0.000051, 0.998301, 0.001283, 0.000353, 1, 1575490175.4565415,
00823, 00823, 0.000002, 0.000039, 0.999898, 0.000047, 0.000014, 1, 1575490200.876502,
00824, 00824, 0.000004, 0.000029, 0.999579, 0.000258, 0.000130, 1, 1575490224.5136771,
00825, 00825, 0.000002, 0.000035, 0.999841, 0.000082, 0.000041, 1, 1575490245.7315042,
00826, 00826, 0.000002, 0.000033, 0.999842, 0.000082, 0.000040, 1, 1575490268.2341049,
00827, 00827, 0.000004, 0.000037, 0.999812, 0.000112, 0.000035, 1, 1575490290.0235343,
00828, 00828, 0.000003, 0.000039, 0.999834, 0.000095, 0.000028, 1, 1575490312.092683,
00829, 00829, 0.000003, 0.000040, 0.999884, 0.000057, 0.000016, 1, 1575490335.311495,
00830, 00830, 0.000002, 0.000029, 0.999851, 0.000077, 0.000040, 1, 1575490357.020039,
00831, 00831, 0.000005, 0.000032, 0.999423, 0.000376, 0.000165, 1, 1575490380.012908,
00832, 00832, 0.000002, 0.000030, 0.999874, 0.000061, 0.000032, 1, 1575490403.2775528,
00833, 00833, 0.000004, 0.000037, 0.999501, 0.000351, 0.000107, 1, 1575490426.00274,
00834, 00834, 0.000002, 0.000108, 0.999858, 0.000024, 0.000008, 1, 1575490449.4283597,
00835, 00835, 0.000004, 0.000037, 0.999792, 0.000125, 0.000041, 1, 1575490473.8465102,
00836, 00836, 0.000060, 0.000214, 0.758627, 0.225032, 0.016066, 1, 1575490495.680626,
00837, 00837, 0.000029, 0.000077, 0.058262, 0.923731, 0.017901, 0, 1575490517.8796196,
00838, 00838, 0.000003, 0.000034, 0.999796, 0.000127, 0.000039, 1, 1575490539.9462888,
00839, 00839, 0.000004, 0.000030, 0.999777, 0.000134, 0.000055, 1, 1575490563.5917528,
00840, 00840, 0.000002, 0.000034, 0.999904, 0.000044, 0.000016, 1, 1575490585.4978852,
00841, 00841, 0.000002, 0.000029, 0.999859, 0.000076, 0.000034, 1, 1575490610.237495,
00842, 00842, 0.000007, 0.000045, 0.998732, 0.000957, 0.000260, 1, 1575490633.6654189,
00843, 00843, 0.000008, 0.000043, 0.998782, 0.000901, 0.000266, 1, 1575490658.308196,
00844, 00844, 0.000003, 0.000035, 0.999854, 0.000084, 0.000025, 1, 1575490682.1384065,
00845, 00845, 0.000002, 0.000033, 0.999892, 0.000051, 0.000021, 1, 1575490703.3890169,
00846, 00846, 0.000002, 0.000040, 0.999915, 0.000031, 0.000012, 1, 1575490726.294715,
00847, 00847, 0.000002, 0.000028, 0.999851, 0.000074, 0.000044, 1, 1575490748.3240893,
00848, 00848, 0.000003, 0.000033, 0.999817, 0.000110, 0.000038, 1, 1575490770.8847892,
00849, 00849, 0.000003, 0.000046, 0.999879, 0.000057, 0.000016, 1, 1575490797.5934792,
00850, 00850, 0.000004, 0.000039, 0.999603, 0.000273, 0.000080, 1, 1575490821.2170596,
00851, 00851, 0.000003, 0.000037, 0.999736, 0.000168, 0.000056, 1, 1575490845.2734938,
00852, 00852, 0.000005, 0.000036, 0.999510, 0.000337, 0.000112, 1, 1575490869.1811974,
00853, 00853, 0.000003, 0.000032, 0.999856, 0.000078, 0.000030, 1, 1575490892.9577825,
00854, 00854, 0.000005, 0.000039, 0.999489, 0.000358, 0.000109, 1, 1575490915.6199703,
00855, 00855, 0.000130, 0.289939, 0.709316, 0.000459, 0.000156, 1, 1575490939.3713775,
00856, 00856, 0.000005, 0.000040, 0.999780, 0.000132, 0.000043, 1, 1575490963.366818,
00857, 00857, 0.000008, 0.000045, 0.998928, 0.000794, 0.000226, 1, 1575490985.9644582,
00858, 00858, 0.000030, 0.000083, 0.064336, 0.917455, 0.018095, 0, 1575491008.8023148,
00859, 00859, 0.000050, 0.000186, 0.862816, 0.125601, 0.011347, 1, 1575491031.286609,
00860, 00860, 0.000002, 0.000036, 0.999868, 0.000072, 0.000022, 1, 1575491052.8161087,
00861, 00861, 0.000003, 0.000031, 0.999878, 0.000064, 0.000024, 1, 1575491076.0133662,
00862, 00862, 0.000002, 0.000032, 0.999905, 0.000044, 0.000018, 1, 1575491097.7156103,
00863, 00863, 0.000003, 0.000037, 0.999825, 0.000103, 0.000032, 1, 1575491119.5599759,
00864, 00864, 0.000009, 0.000044, 0.998382, 0.001198, 0.000367, 1, 1575491142.8578322,
00865, 00865, 0.000004, 0.000035, 0.999554, 0.000302, 0.000105, 1, 1575491166.3725333,
00866, 00866, 0.000002, 0.000044, 0.999889, 0.000051, 0.000014, 1, 1575491191.391059,
00867, 00867, 0.000002, 0.000028, 0.999827, 0.000096, 0.000047, 1, 1575491215.9631724,
00868, 00868, 0.000002, 0.000032, 0.999897, 0.000046, 0.000024, 1, 1575491241.3948946,
00869, 00869, 0.000003, 0.000036, 0.999862, 0.000075, 0.000023, 1, 1575491264.8278277,
00870, 00870, 0.000002, 0.000077, 0.999872, 0.000038, 0.000010, 1, 1575491290.615314,
00871, 00871, 0.000002, 0.000033, 0.999905, 0.000043, 0.000017, 1, 1575491315.729899,
00872, 00872, 0.000001, 0.000082, 0.999884, 0.000023, 0.000009, 1, 1575491340.2854106,
00873, 00873, 0.000006, 0.000046, 0.998394, 0.001213, 0.000341, 1, 1575491363.210053,
00874, 00874, 0.000002, 0.000030, 0.999901, 0.000046, 0.000020, 1, 1575491386.4658995,
00875, 00875, 0.000011, 0.000051, 0.998166, 0.001382, 0.000390, 1, 1575491409.227386,
00876, 00876, 0.000004, 0.000034, 0.999775, 0.000139, 0.000048, 1, 1575491432.4987261,
00877, 00877, 0.000004, 0.000040, 0.999392, 0.000430, 0.000134, 1, 1575491457.6966434,
00878, 00878, 0.000017, 0.000040, 0.017950, 0.970182, 0.011811, 0, 1575491480.7772255,
00879, 00879, 0.000005, 0.000036, 0.999687, 0.000206, 0.000066, 1, 1575491504.0826566,
00880, 00880, 0.000005, 0.000038, 0.999568, 0.000297, 0.000092, 1, 1575491527.843622,
00881, 00881, 0.000004, 0.000038, 0.999817, 0.000108, 0.000033, 1, 1575491551.9135413,
00882, 00882, 0.000004, 0.000034, 0.999518, 0.000322, 0.000121, 1, 1575491575.7401178,
00883, 00883, 0.000002, 0.000039, 0.999907, 0.000039, 0.000013, 1, 1575491599.9171512,
00884, 00884, 0.000003, 0.000040, 0.999774, 0.000144, 0.000040, 1, 1575491624.8613875,
00885, 00885, 0.000003, 0.000052, 0.999859, 0.000068, 0.000018, 1, 1575491649.4217753,
00886, 00886, 0.000003, 0.000036, 0.999787, 0.000135, 0.000040, 1, 1575491674.1438777,
00887, 00887, 0.000006, 0.000041, 0.999088, 0.000655, 0.000210, 1, 1575491697.6363654,
00888, 00888, 0.000039, 0.000112, 0.112007, 0.866156, 0.021687, 0, 1575491720.7564657,
00889, 00889, 0.000006, 0.000038, 0.999386, 0.000427, 0.000143, 1, 1575491743.8653316,
00890, 00890, 0.000004, 0.000036, 0.999677, 0.000215, 0.000068, 1, 1575491767.0737941,
00891, 00891, 0.000008, 0.000046, 0.998486, 0.001125, 0.000335, 1, 1575491790.313034,
00892, 00892, 0.000012, 0.000042, 0.998439, 0.001105, 0.000403, 1, 1575491815.1141741,
00893, 00893, 0.000002, 0.000047, 0.999901, 0.000031, 0.000019, 1, 1575491838.9258113,
00894, 00894, 0.000003, 0.000033, 0.999869, 0.000071, 0.000024, 1, 1575491862.5283232,
00895, 00895, 0.000004, 0.000035, 0.999692, 0.000204, 0.000065, 1, 1575491888.4188173,
00896, 00896, 0.000003, 0.000043, 0.999852, 0.000078, 0.000023, 1, 1575491912.6625752,
00897, 00897, 0.000004, 0.000038, 0.999768, 0.000146, 0.000044, 1, 1575491937.328668,
00898, 00898, 0.000018, 0.000045, 0.020900, 0.966988, 0.012048, 0, 1575491960.338602,
00899, 00899, 0.000006, 0.000040, 0.999366, 0.000452, 0.000136, 1, 1575491984.0260482,
00900, 00900, 0.000057, 0.000181, 0.271842, 0.703400, 0.024519, 0, 1575492007.6785107,
00901, 00901, 0.000002, 0.000032, 0.999890, 0.000053, 0.000023, 1, 1575492031.5936956,
00902, 00902, 0.000003, 0.000031, 0.999767, 0.000143, 0.000057, 1, 1575492054.7165346,
00903, 00903, 0.000003, 0.000035, 0.999671, 0.000207, 0.000084, 1, 1575492078.9969654,
00904, 00904, 0.000003, 0.000031, 0.999862, 0.000076, 0.000028, 1, 1575492101.9243531,
00905, 00905, 0.000001, 0.000040, 0.999913, 0.000031, 0.000014, 1, 1575492125.6275926,
00906, 00906, 0.000002, 0.000037, 0.999902, 0.000045, 0.000014, 1, 1575492149.3924644,
00907, 00907, 0.000002, 0.000035, 0.999893, 0.000052, 0.000019, 1, 1575492172.4814413,
00908, 00908, 0.000002, 0.000032, 0.999882, 0.000062, 0.000022, 1, 1575492195.4441493,
00909, 00909, 0.000003, 0.000031, 0.999804, 0.000116, 0.000046, 1, 1575492220.0046544,
00910, 00910, 0.000005, 0.000035, 0.999356, 0.000434, 0.000169, 1, 1575492242.439436,
00911, 00911, 0.000003, 0.000038, 0.999721, 0.000151, 0.000087, 1, 1575492269.3746946,
00912, 00912, 0.000083, 0.000283, 0.897441, 0.099357, 0.002836, 1, 1575492297.1056218,
00913, 00913, 0.000003, 0.000035, 0.999784, 0.000110, 0.000068, 1, 1575492322.0956557,
00914, 00914, 0.000002, 0.000056, 0.999853, 0.000058, 0.000032, 1, 1575492347.653904,
00915, 00915, 0.000001, 0.000045, 0.999916, 0.000023, 0.000014, 1, 1575492372.9977436,
00916, 00916, 0.000002, 0.000070, 0.999890, 0.000024, 0.000014, 1, 1575492420.2782564,
00917, 00917, 0.000002, 0.000040, 0.999894, 0.000040, 0.000025, 1, 1575492448.1823297,
00918, 00918, 0.000002, 0.000044, 0.999887, 0.000041, 0.000026, 1, 1575492473.7754178,
00919, 00919, 0.000002, 0.000048, 0.999877, 0.000045, 0.000028, 1, 1575492514.6773348,
00920, 00920, 0.000002, 0.000041, 0.999868, 0.000055, 0.000034, 1, 1575492541.7788162,
00921, 00921, 0.000005, 0.000053, 0.999203, 0.000528, 0.000211, 1, 1575492568.419326,
00922, 00922, 0.000004, 0.000625, 0.999324, 0.000033, 0.000014, 1, 1575492592.140966,
00923, 00923, 0.000002, 0.000054, 0.999881, 0.000040, 0.000024, 1, 1575492617.2669866,
00924, 00924, 0.000036, 0.999242, 0.000664, 0.000043, 0.000016, 0, 1575492641.7076595,
00925, 00925, 0.000002, 0.000157, 0.999811, 0.000021, 0.000009, 1, 1575492666.413897,
00926, 00926, 0.000002, 0.000070, 0.999884, 0.000027, 0.000016, 1, 1575492690.3240783,
00927, 00927, 0.000002, 0.000048, 0.999880, 0.000044, 0.000027, 1, 1575492713.753214,
00928, 00928, 0.000031, 0.000129, 0.983482, 0.014280, 0.002078, 1, 1575492739.5921655,
00929, 00929, 0.000001, 0.000076, 0.999893, 0.000021, 0.000009, 1, 1575492762.5563562,
00930, 00930, 0.000004, 0.000077, 0.999708, 0.000146, 0.000066, 1, 1575492786.2079718,
00931, 00931, 0.000003, 0.000031, 0.999827, 0.000101, 0.000038, 1, 1575492809.6909544,
00932, 00932, 0.000005, 0.000304, 0.999577, 0.000078, 0.000036, 1, 1575492835.663489,
00933, 00933, 0.000002, 0.000042, 0.999885, 0.000045, 0.000027, 1, 1575492861.3638105,
00934, 00934, 0.000002, 0.000087, 0.999858, 0.000034, 0.000019, 1, 1575492888.1443224,
00935, 00935, 0.000002, 0.000071, 0.999863, 0.000041, 0.000024, 1, 1575492917.0787816,
00936, 00936, 0.000005, 0.000062, 0.999519, 0.000305, 0.000109, 1, 1575492942.735723,
00937, 00937, 0.000003, 0.000041, 0.999733, 0.000144, 0.000079, 1, 1575492981.5121849,
00938, 00938, 0.000002, 0.000031, 0.999900, 0.000044, 0.000023, 1, 1575493005.302615,
00939, 00939, 0.000002, 0.000038, 0.999910, 0.000038, 0.000013, 1, 1575493031.476104,
00940, 00940, 0.000003, 0.000056, 0.999893, 0.000036, 0.000011, 1, 1575493057.108899,
00941, 00941, 0.000002, 0.000032, 0.999833, 0.000081, 0.000052, 1, 1575493085.3085873,
00942, 00942, 0.000005, 0.000040, 0.999486, 0.000332, 0.000138, 1, 1575493110.8059988,
00943, 00943, 0.000003, 0.000039, 0.999767, 0.000121, 0.000071, 1, 1575493138.2420053,
00944, 00944, 0.000002, 0.000042, 0.999901, 0.000034, 0.000022, 1, 1575493165.1998415,
00945, 00945, 0.000002, 0.000031, 0.999910, 0.000035, 0.000022, 1, 1575493196.4874732,
00946, 00946, 0.000002, 0.000051, 0.999872, 0.000047, 0.000029, 1, 1575493220.7277236,
00947, 00947, 0.000002, 0.000033, 0.999899, 0.000049, 0.000017, 1, 1575493246.1981235,
00948, 00948, 0.000004, 0.000031, 0.999748, 0.000155, 0.000062, 1, 1575493270.1408644,
00949, 00949, 0.000001, 0.000071, 0.999897, 0.000022, 0.000009, 1, 1575493293.9431508,
00950, 00950, 0.000010, 0.004309, 0.995594, 0.000064, 0.000023, 1, 1575493318.0054774,
00951, 00951, 0.000001, 0.000047, 0.999914, 0.000024, 0.000013, 1, 1575493344.8509877,
00952, 00952, 0.000001, 0.000093, 0.999874, 0.000022, 0.000010, 1, 1575493374.3197722,
00953, 00953, 0.000002, 0.000056, 0.999890, 0.000033, 0.000020, 1, 1575493400.7575355,
00954, 00954, 0.000014, 0.000091, 0.997626, 0.001984, 0.000285, 1, 1575493428.1050525,
00955, 00955, 0.000048, 0.997699, 0.002165, 0.000063, 0.000024, 0, 1575493452.506668,
00956, 00956, 0.000003, 0.000184, 0.999754, 0.000040, 0.000019, 1, 1575493477.4240701,
00957, 00957, 0.000004, 0.000042, 0.999531, 0.000280, 0.000144, 1, 1575493522.0082853,
00958, 00958, 0.000001, 0.000065, 0.999899, 0.000021, 0.000013, 1, 1575493549.5280814,
00959, 00959, 0.000003, 0.000182, 0.999760, 0.000036, 0.000018, 1, 1575493575.0019743,
00960, 00960, 0.000004, 0.000033, 0.999778, 0.000138, 0.000046, 1, 1575493600.5419996,
00961, 00961, 0.000004, 0.000035, 0.999571, 0.000257, 0.000134, 1, 1575493627.086028,
00962, 00962, 0.000003, 0.000262, 0.999698, 0.000025, 0.000012, 1, 1575493650.6566057,
00963, 00963, 0.000002, 0.000042, 0.999901, 0.000034, 0.000021, 1, 1575493678.0988228,
00964, 00964, 0.000002, 0.000044, 0.999888, 0.000041, 0.000026, 1, 1575493710.7441673,
00965, 00965, 0.000003, 0.000273, 0.999687, 0.000026, 0.000012, 1, 1575493735.187479,
00966, 00966, 0.000002, 0.000058, 0.999902, 0.000024, 0.000014, 1, 1575493778.6745412,
00967, 00967, 0.000003, 0.000032, 0.999845, 0.000087, 0.000032, 1, 1575493806.2454648,
00968, 00968, 0.000001, 0.000042, 0.999912, 0.000030, 0.000015, 1, 1575493832.0755005,
00969, 00969, 0.000002, 0.000039, 0.999908, 0.000039, 0.000013, 1, 1575493856.3027596,
00970, 00970, 0.000003, 0.000045, 0.999662, 0.000191, 0.000099, 1, 1575493882.6463192,
00971, 00971, 0.000002, 0.000041, 0.999830, 0.000080, 0.000047, 1, 1575493908.3996646,
00972, 00972, 0.000004, 0.000036, 0.999531, 0.000274, 0.000155, 1, 1575493935.7005079,
00973, 00973, 0.000003, 0.000039, 0.999779, 0.000116, 0.000063, 1, 1575493966.814815,
00974, 00974, 0.000002, 0.000041, 0.999855, 0.000064, 0.000039, 1, 1575493999.7647705,
00975, 00975, 0.000002, 0.000042, 0.999873, 0.000051, 0.000032, 1, 1575494036.9580076,
00976, 00976, 0.000001, 0.000051, 0.999912, 0.000027, 0.000009, 1, 1575494060.950042,
00977, 00977, 0.000005, 0.000045, 0.999814, 0.000101, 0.000034, 1, 1575494086.771562,
00978, 00978, 0.000005, 0.000051, 0.999304, 0.000446, 0.000193, 1, 1575494113.4190567,
00979, 00979, 0.000002, 0.000062, 0.999859, 0.000048, 0.000028, 1, 1575494140.1273532,
00980, 00980, 0.000002, 0.000037, 0.999911, 0.000031, 0.000020, 1, 1575494168.8323684,
00981, 00981, 0.000002, 0.000036, 0.999798, 0.000101, 0.000062, 1, 1575494196.0479774,
00982, 00982, 0.000002, 0.000072, 0.999880, 0.000029, 0.000017, 1, 1575494221.4105723,
00983, 00983, 0.000004, 0.000732, 0.999217, 0.000033, 0.000014, 1, 1575494246.041041,
00984, 00984, 0.000002, 0.000165, 0.999797, 0.000024, 0.000012, 1, 1575494270.9255176,
00985, 00985, 0.000002, 0.000029, 0.999874, 0.000066, 0.000028, 1, 1575494296.3341732,
00986, 00986, 0.000003, 0.000037, 0.999864, 0.000075, 0.000022, 1, 1575494322.8640819,
00987, 00987, 0.000003, 0.000031, 0.999870, 0.000069, 0.000027, 1, 1575494348.112681,
00988, 00988, 0.000001, 0.000073, 0.999894, 0.000021, 0.000010, 1, 1575494373.931946,
00989, 00989, 0.000002, 0.000031, 0.999864, 0.000063, 0.000040, 1, 1575494400.5084708,
00990, 00990, 0.000004, 0.000032, 0.999492, 0.000303, 0.000169, 1, 1575494428.652355,
00991, 00991, 0.000005, 0.001012, 0.998932, 0.000037, 0.000015, 1, 1575494452.7934234,
00992, 00992, 0.000002, 0.000051, 0.999907, 0.000025, 0.000015, 1, 1575494482.3574665,
00993, 00993, 0.000003, 0.000052, 0.999808, 0.000091, 0.000047, 1, 1575494509.1794865,
00994, 00994, 0.000024, 0.000131, 0.969100, 0.027519, 0.003226, 1, 1575494535.6984425,
00995, 00995, 0.000002, 0.000030, 0.999880, 0.000059, 0.000028, 1, 1575494561.2750113,
00996, 00996, 0.000002, 0.000036, 0.999894, 0.000052, 0.000016, 1, 1575494587.8121023,
00997, 00997, 0.000003, 0.000034, 0.999748, 0.000133, 0.000082, 1, 1575494613.9754343,
00998, 00998, 0.000002, 0.000043, 0.999885, 0.000043, 0.000027, 1, 1575494640.8817286,
00999, 00999, 0.000002, 0.000039, 0.999881, 0.000048, 0.000031, 1, 1575494667.9485412,
01000, 01000, 0.000002, 0.000031, 0.999910, 0.000036, 0.000022, 1, 1575494712.6985114,
01001, 01001, 0.000001, 0.000055, 0.999914, 0.000020, 0.000010, 1, 1575494739.740825,
01002, 01002, 0.000002, 0.000054, 0.999880, 0.000040, 0.000024, 1, 1575494766.0082946,
01003, 01003, 0.000002, 0.000035, 0.999908, 0.000040, 0.000015, 1, 1575494794.0000293,
01004, 01004, 0.000003, 0.000047, 0.999797, 0.000099, 0.000054, 1, 1575494819.2719607,
01005, 01005, 0.000002, 0.000035, 0.999897, 0.000049, 0.000016, 1, 1575494844.584178,
01006, 01006, 0.000002, 0.000057, 0.999894, 0.000030, 0.000018, 1, 1575494870.8555984,
01007, 01007, 0.000002, 0.000044, 0.999894, 0.000037, 0.000023, 1, 1575494897.3160665,
01008, 01008, 0.000003, 0.000027, 0.999697, 0.000176, 0.000097, 1, 1575494925.9644167,
01009, 01009, 0.000002, 0.000047, 0.999843, 0.000067, 0.000040, 1, 1575494952.913239,
01010, 01010, 0.000002, 0.000164, 0.999804, 0.000021, 0.000009, 1, 1575494980.0184593,
