00000, 00000, 0.000004, 0.000038, 0.999830, 0.000098, 0.000030, 1, 1575411489.8451166,
00001, 00001, 0.000004, 0.000032, 0.999724, 0.000174, 0.000067, 1, 1575411493.4097242,
00002, 00002, 0.000002, 0.000032, 0.999842, 0.000090, 0.000034, 1, 1575411495.7088184,
00003, 00003, 0.000002, 0.000036, 0.999876, 0.000060, 0.000026, 1, 1575411500.4335825,
00004, 00004, 0.000002, 0.000027, 0.999855, 0.000078, 0.000037, 1, 1575411504.4049041,
00005, 00005, 0.000007, 0.000038, 0.998824, 0.000818, 0.000313, 1, 1575411508.7159517,
00006, 00006, 0.000003, 0.000029, 0.999637, 0.000219, 0.000112, 1, 1575411514.4376316,
00007, 00007, 0.000003, 0.000033, 0.999773, 0.000143, 0.000048, 1, 1575411517.915559,
00008, 00008, 0.000005, 0.000037, 0.999344, 0.000436, 0.000178, 1, 1575411521.2986038,
00009, 00009, 0.000006, 0.000041, 0.999588, 0.000276, 0.000089, 1, 1575411524.2952533,
00010, 00010, 0.000003, 0.000030, 0.999809, 0.000111, 0.000047, 1, 1575411529.4084575,
00011, 00011, 0.000005, 0.000029, 0.999546, 0.000266, 0.000153, 1, 1575411536.9960697,
00012, 00012, 0.000002, 0.000037, 0.999892, 0.000049, 0.000020, 1, 1575411540.4331694,
00013, 00013, 0.000001, 0.000041, 0.999909, 0.000035, 0.000013, 1, 1575411545.5104325,
00014, 00014, 0.000003, 0.000028, 0.999729, 0.000159, 0.000081, 1, 1575411548.396317,
00015, 00015, 0.000001, 0.000059, 0.999904, 0.000028, 0.000008, 1, 1575411553.6937642,
00016, 00016, 0.000003, 0.000034, 0.999856, 0.000080, 0.000026, 1, 1575411558.6746294,
00017, 00017, 0.000003, 0.000032, 0.999781, 0.000135, 0.000050, 1, 1575411564.340468,
00018, 00018, 0.000002, 0.000030, 0.999889, 0.000055, 0.000024, 1, 1575411568.6744802,
00019, 00019, 0.000003, 0.000028, 0.999819, 0.000102, 0.000047, 1, 1575411573.4604964,
00020, 00020, 0.000002, 0.000032, 0.999901, 0.000046, 0.000019, 1, 1575411579.385014,
00021, 00021, 0.000002, 0.000045, 0.999900, 0.000032, 0.000020, 1, 1575411583.6888716,
00022, 00022, 0.000003, 0.000028, 0.999785, 0.000122, 0.000061, 1, 1575411587.7258368,
00023, 00023, 0.000002, 0.000027, 0.999888, 0.000055, 0.000028, 1, 1575411592.2065904,
00024, 00024, 0.000002, 0.000034, 0.999904, 0.000044, 0.000017, 1, 1575411597.8418632,
00025, 00025, 0.000003, 0.000030, 0.999773, 0.000130, 0.000065, 1, 1575411601.926815,
00026, 00026, 0.000002, 0.000053, 0.999912, 0.000024, 0.000009, 1, 1575411606.0251849,
00027, 00027, 0.000018, 0.000059, 0.991911, 0.006326, 0.001686, 1, 1575411610.9670107,
00028, 00028, 0.000004, 0.000032, 0.999710, 0.000181, 0.000073, 1, 1575411615.938627,
00029, 00029, 0.000003, 0.000032, 0.999753, 0.000154, 0.000058, 1, 1575411621.320472,
00030, 00030, 0.000004, 0.000033, 0.999565, 0.000284, 0.000114, 1, 1575411625.6252875,
00031, 00031, 0.000005, 0.000033, 0.999546, 0.000297, 0.000119, 1, 1575411629.361539,
00032, 00032, 0.000003, 0.000381, 0.999580, 0.000026, 0.000010, 1, 1575411635.360377,
00033, 00033, 0.000001, 0.000035, 0.999915, 0.000032, 0.000016, 1, 1575411638.84382,
00034, 00034, 0.000002, 0.000034, 0.999920, 0.000030, 0.000014, 1, 1575411645.631881,
00035, 00035, 0.000004, 0.000029, 0.999643, 0.000217, 0.000106, 1, 1575411650.6846023,
00036, 00036, 0.000002, 0.000031, 0.999879, 0.000063, 0.000024, 1, 1575411656.9755912,
00037, 00037, 0.000003, 0.000032, 0.999674, 0.000208, 0.000082, 1, 1575411662.2177107,
00038, 00038, 0.000007, 0.000042, 0.998504, 0.001093, 0.000354, 1, 1575411669.810199,
00039, 00039, 0.000012, 0.000091, 0.999611, 0.000227, 0.000059, 1, 1575411678.9133744,
00040, 00040, 0.000002, 0.000036, 0.999850, 0.000081, 0.000031, 1, 1575411683.1271944,
00041, 00041, 0.000004, 0.000033, 0.999669, 0.000216, 0.000077, 1, 1575411687.4861019,
00042, 00042, 0.000004, 0.000032, 0.999678, 0.000202, 0.000083, 1, 1575411691.5197213,
00043, 00043, 0.000002, 0.000034, 0.999896, 0.000048, 0.000019, 1, 1575411696.8716402,
00044, 00044, 0.000001, 0.000048, 0.999917, 0.000023, 0.000010, 1, 1575411703.8884277,
00045, 00045, 0.000003, 0.000030, 0.999831, 0.000097, 0.000040, 1, 1575411708.4229777,
00046, 00046, 0.000002, 0.000051, 0.999794, 0.000100, 0.000053, 1, 1575411712.5696723,
00047, 00047, 0.000003, 0.000029, 0.999856, 0.000078, 0.000034, 1, 1575411718.2742102,
00048, 00048, 0.000002, 0.000035, 0.999909, 0.000040, 0.000015, 1, 1575411726.5862787,
00049, 00049, 0.000003, 0.000030, 0.999790, 0.000124, 0.000054, 1, 1575411734.6043015,
00050, 00050, 0.000006, 0.000038, 0.999136, 0.000609, 0.000210, 1, 1575411740.00787,
00051, 00051, 0.000004, 0.000031, 0.999639, 0.000227, 0.000100, 1, 1575411746.293181,
00052, 00052, 0.000004, 0.000031, 0.999639, 0.000228, 0.000097, 1, 1575411751.61952,
00053, 00053, 0.000003, 0.000032, 0.999826, 0.000103, 0.000037, 1, 1575411756.301769,
00054, 00054, 0.000003, 0.000031, 0.999840, 0.000090, 0.000036, 1, 1575411762.6725535,
00055, 00055, 0.000008, 0.000844, 0.999094, 0.000040, 0.000013, 1, 1575411769.8046405,
00056, 00056, 0.000002, 0.000040, 0.999905, 0.000040, 0.000013, 1, 1575411774.1981292,
00057, 00057, 0.000002, 0.000038, 0.999907, 0.000036, 0.000017, 1, 1575411779.9000723,
00058, 00058, 0.000033, 0.000120, 0.943776, 0.049227, 0.006844, 1, 1575411784.7370212,
00059, 00059, 0.000003, 0.000032, 0.999893, 0.000052, 0.000020, 1, 1575411790.653467,
00060, 00060, 0.000001, 0.000085, 0.999882, 0.000024, 0.000007, 1, 1575411795.9244087,
00061, 00061, 0.000005, 0.000033, 0.999649, 0.000222, 0.000092, 1, 1575411803.062818,
00062, 00062, 0.000002, 0.000042, 0.999908, 0.000035, 0.000013, 1, 1575411807.4922726,
00063, 00063, 0.000015, 0.000073, 0.988152, 0.009555, 0.002205, 1, 1575411811.8667748,
00064, 00064, 0.000011, 0.000045, 0.996127, 0.002817, 0.001000, 1, 1575411817.637551,
00065, 00065, 0.000011, 0.000046, 0.997973, 0.001521, 0.000449, 1, 1575411824.2982125,
00066, 00066, 0.000002, 0.000037, 0.999895, 0.000051, 0.000016, 1, 1575411831.601096,
00067, 00067, 0.000004, 0.000031, 0.999772, 0.000132, 0.000061, 1, 1575411838.347792,
00068, 00068, 0.000002, 0.000038, 0.999911, 0.000035, 0.000014, 1, 1575411843.4318614,
00069, 00069, 0.000004, 0.000051, 0.999876, 0.000052, 0.000017, 1, 1575411849.39605,
00070, 00070, 0.000005, 0.000034, 0.999701, 0.000193, 0.000067, 1, 1575411854.515282,
00071, 00071, 0.000007, 0.000046, 0.998020, 0.001488, 0.000438, 1, 1575411860.9024053,
00072, 00072, 0.000006, 0.000039, 0.999205, 0.000572, 0.000178, 1, 1575411866.8563983,
00073, 00073, 0.000009, 0.000051, 0.996662, 0.002563, 0.000714, 1, 1575411872.9089684,
00074, 00074, 0.000007, 0.000041, 0.998747, 0.000918, 0.000287, 1, 1575411879.049498,
00075, 00075, 0.000003, 0.000033, 0.999779, 0.000139, 0.000046, 1, 1575411884.6027496,
00076, 00076, 0.000004, 0.000035, 0.999538, 0.000317, 0.000106, 1, 1575411890.0897858,
00077, 00077, 0.000049, 0.000161, 0.842405, 0.143404, 0.013982, 1, 1575411895.6551614,
00078, 00078, 0.000007, 0.000036, 0.999292, 0.000484, 0.000181, 1, 1575411901.120923,
00079, 00079, 0.000002, 0.000033, 0.999901, 0.000045, 0.000020, 1, 1575411905.5143082,
00080, 00080, 0.000004, 0.000029, 0.999656, 0.000205, 0.000106, 1, 1575411912.5065913,
00081, 00081, 0.000002, 0.000035, 0.999907, 0.000041, 0.000015, 1, 1575411918.1264553,
00082, 00082, 0.000011, 0.000051, 0.995378, 0.003451, 0.001109, 1, 1575411927.2053914,
00083, 00083, 0.000009, 0.000045, 0.998093, 0.001422, 0.000431, 1, 1575411934.1443717,
00084, 00084, 0.000002, 0.000073, 0.999898, 0.000020, 0.000008, 1, 1575411940.4063938,
00085, 00085, 0.000004, 0.000858, 0.999088, 0.000037, 0.000014, 1, 1575411946.8313768,
00086, 00086, 0.000003, 0.000033, 0.999882, 0.000061, 0.000021, 1, 1575411953.9870002,
00087, 00087, 0.000002, 0.000035, 0.999891, 0.000054, 0.000018, 1, 1575411959.4289875,
00088, 00088, 0.000002, 0.000033, 0.999900, 0.000047, 0.000017, 1, 1575411965.7733073,
00089, 00089, 0.000002, 0.000034, 0.999875, 0.000067, 0.000021, 1, 1575411973.3559284,
00090, 00090, 0.000007, 0.001675, 0.998255, 0.000046, 0.000017, 1, 1575411980.2989576,
00091, 00091, 0.000003, 0.000033, 0.999802, 0.000119, 0.000043, 1, 1575411986.6486645,
00092, 00092, 0.000012, 0.000050, 0.997871, 0.001619, 0.000448, 1, 1575411993.7091715,
00093, 00093, 0.000002, 0.000032, 0.999909, 0.000040, 0.000017, 1, 1575411999.569092,
00094, 00094, 0.000002, 0.000154, 0.999818, 0.000018, 0.000008, 1, 1575412005.5263062,
00095, 00095, 0.000003, 0.000033, 0.999871, 0.000069, 0.000023, 1, 1575412012.112791,
00096, 00096, 0.000010, 0.000052, 0.996427, 0.002747, 0.000764, 1, 1575412018.8842754,
00097, 00097, 0.000009, 0.000047, 0.997736, 0.001699, 0.000509, 1, 1575412025.190406,
00098, 00098, 0.000006, 0.000038, 0.999221, 0.000556, 0.000180, 1, 1575412031.3834093,
00099, 00099, 0.000006, 0.000038, 0.999284, 0.000507, 0.000166, 1, 1575412037.27834,
00100, 00100, 0.000002, 0.000044, 0.999910, 0.000034, 0.000011, 1, 1575412044.2619946,
00101, 00101, 0.000002, 0.000031, 0.999900, 0.000044, 0.000023, 1, 1575412051.926854,
00102, 00102, 0.000003, 0.000030, 0.999697, 0.000182, 0.000088, 1, 1575412057.3310044,
00103, 00103, 0.000008, 0.000042, 0.998470, 0.001114, 0.000367, 1, 1575412063.5535276,
00104, 00104, 0.000002, 0.000034, 0.999912, 0.000037, 0.000015, 1, 1575412070.3890855,
00105, 00105, 0.000002, 0.000034, 0.999846, 0.000089, 0.000029, 1, 1575412076.6901708,
00106, 00106, 0.000003, 0.000032, 0.999856, 0.000081, 0.000028, 1, 1575412086.386557,
00107, 00107, 0.000006, 0.000182, 0.999770, 0.000032, 0.000010, 1, 1575412093.8150754,
00108, 00108, 0.000002, 0.000061, 0.999896, 0.000030, 0.000012, 1, 1575412099.8656175,
00109, 00109, 0.000002, 0.000040, 0.999903, 0.000043, 0.000013, 1, 1575412110.8086143,
00110, 00110, 0.000002, 0.000043, 0.999915, 0.000030, 0.000011, 1, 1575412116.5073543,
00111, 00111, 0.000002, 0.000035, 0.999905, 0.000043, 0.000015, 1, 1575412124.35427,
00112, 00112, 0.000009, 0.000042, 0.998662, 0.000968, 0.000320, 1, 1575412133.062999,
00113, 00113, 0.000043, 0.035406, 0.964292, 0.000193, 0.000065, 1, 1575412141.7876418,
00114, 00114, 0.000005, 0.000037, 0.999729, 0.000173, 0.000057, 1, 1575412149.4009001,
00115, 00115, 0.000006, 0.000059, 0.999250, 0.000492, 0.000194, 1, 1575412156.5889769,
00116, 00116, 0.000003, 0.000030, 0.999879, 0.000062, 0.000026, 1, 1575412163.3113883,
00117, 00117, 0.000002, 0.000062, 0.999905, 0.000023, 0.000008, 1, 1575412170.4821734,
00118, 00118, 0.000003, 0.000037, 0.999857, 0.000080, 0.000023, 1, 1575412177.9818788,
00119, 00119, 0.000048, 0.000131, 0.225627, 0.745333, 0.028861, 0, 1575412185.058151,
00120, 00120, 0.000007, 0.000046, 0.998070, 0.001440, 0.000437, 1, 1575412192.1155653,
00121, 00121, 0.000004, 0.000034, 0.999706, 0.000193, 0.000063, 1, 1575412198.7326245,
00122, 00122, 0.000045, 0.000155, 0.863972, 0.123049, 0.012778, 1, 1575412205.5915117,
00123, 00123, 0.000031, 0.000115, 0.950083, 0.043409, 0.006361, 1, 1575412212.525048,
00124, 00124, 0.000002, 0.000029, 0.999854, 0.000075, 0.000040, 1, 1575412218.6780744,
00125, 00125, 0.000002, 0.000027, 0.999831, 0.000088, 0.000051, 1, 1575412224.8247209,
00126, 00126, 0.000002, 0.000028, 0.999862, 0.000072, 0.000035, 1, 1575412232.3551533,
00127, 00127, 0.000002, 0.000037, 0.999891, 0.000052, 0.000019, 1, 1575412238.7095644,
00128, 00128, 0.000004, 0.000034, 0.999692, 0.000203, 0.000067, 1, 1575412246.9027448,
00129, 00129, 0.000005, 0.000037, 0.999319, 0.000474, 0.000165, 1, 1575412254.4806218,
00130, 00130, 0.000002, 0.000035, 0.999847, 0.000086, 0.000031, 1, 1575412261.2320478,
00131, 00131, 0.000003, 0.000031, 0.999846, 0.000087, 0.000032, 1, 1575412266.866052,
00132, 00132, 0.000002, 0.000030, 0.999861, 0.000076, 0.000030, 1, 1575412272.9429202,
00133, 00133, 0.000002, 0.000033, 0.999881, 0.000058, 0.000026, 1, 1575412278.9063413,
00134, 00134, 0.000008, 0.000048, 0.998036, 0.001499, 0.000409, 1, 1575412285.8075469,
00135, 00135, 0.000003, 0.000042, 0.999751, 0.000161, 0.000042, 1, 1575412294.060411,
00136, 00136, 0.000002, 0.000033, 0.999905, 0.000040, 0.000020, 1, 1575412305.1206365,
00137, 00137, 0.000002, 0.000031, 0.999904, 0.000045, 0.000019, 1, 1575412312.6169088,
00138, 00138, 0.000005, 0.000039, 0.999878, 0.000053, 0.000025, 1, 1575412320.1788595,
00139, 00139, 0.000003, 0.000029, 0.999742, 0.000153, 0.000073, 1, 1575412326.54934,
00140, 00140, 0.000002, 0.000041, 0.999901, 0.000044, 0.000013, 1, 1575412334.017034,
00141, 00141, 0.000002, 0.000035, 0.999910, 0.000038, 0.000015, 1, 1575412343.074164,
00142, 00142, 0.000004, 0.000034, 0.999710, 0.000190, 0.000063, 1, 1575412349.86562,
00143, 00143, 0.000006, 0.000038, 0.999231, 0.000547, 0.000178, 1, 1575412357.3995898,
00144, 00144, 0.000038, 0.000138, 0.911481, 0.078888, 0.009454, 1, 1575412364.5165071,
00145, 00145, 0.000008, 0.000049, 0.997399, 0.001968, 0.000575, 1, 1575412371.4668117,
00146, 00146, 0.000007, 0.000045, 0.998303, 0.001259, 0.000386, 1, 1575412378.771792,
00147, 00147, 0.000001, 0.000067, 0.999904, 0.000019, 0.000009, 1, 1575412388.1775234,
00148, 00148, 0.000001, 0.000059, 0.999907, 0.000022, 0.000011, 1, 1575412394.0867293,
00149, 00149, 0.000002, 0.000085, 0.999876, 0.000025, 0.000012, 1, 1575412406.101687,
00150, 00150, 0.000008, 0.000046, 0.997680, 0.001700, 0.000566, 1, 1575412414.6758454,
00151, 00151, 0.000002, 0.000036, 0.999916, 0.000033, 0.000014, 1, 1575412421.810435,
00152, 00152, 0.000013, 0.000062, 0.992926, 0.005610, 0.001389, 1, 1575412429.433387,
00153, 00153, 0.000004, 0.000031, 0.999632, 0.000232, 0.000101, 1, 1575412437.5709498,
00154, 00154, 0.000003, 0.000058, 0.999890, 0.000038, 0.000011, 1, 1575412446.3231325,
00155, 00155, 0.000002, 0.000095, 0.999870, 0.000025, 0.000009, 1, 1575412454.4151459,
00156, 00156, 0.000003, 0.000029, 0.999864, 0.000068, 0.000036, 1, 1575412462.095686,
00157, 00157, 0.000005, 0.000037, 0.999441, 0.000392, 0.000125, 1, 1575412469.6350453,
00158, 00158, 0.000002, 0.000032, 0.999889, 0.000057, 0.000021, 1, 1575412478.27285,
00159, 00159, 0.000002, 0.000036, 0.999890, 0.000047, 0.000026, 1, 1575412486.818039,
00160, 00160, 0.000003, 0.000039, 0.999688, 0.000172, 0.000098, 1, 1575412493.543396,
00161, 00161, 0.000002, 0.000150, 0.999810, 0.000029, 0.000009, 1, 1575412501.9353323,
00162, 00162, 0.000003, 0.000032, 0.999809, 0.000114, 0.000043, 1, 1575412512.0232701,
00163, 00163, 0.000005, 0.000037, 0.999396, 0.000424, 0.000138, 1, 1575412519.7754912,
00164, 00164, 0.000005, 0.000036, 0.999457, 0.000373, 0.000129, 1, 1575412528.1869192,
00165, 00165, 0.000036, 0.000130, 0.925557, 0.065854, 0.008422, 1, 1575412535.7855997,
00166, 00166, 0.000009, 0.000050, 0.997076, 0.002228, 0.000638, 1, 1575412542.9912066,
00167, 00167, 0.000050, 0.000138, 0.254790, 0.715897, 0.029125, 0, 1575412550.9902074,
00168, 00168, 0.000030, 0.000111, 0.954412, 0.039507, 0.005939, 1, 1575412558.1571739,
00169, 00169, 0.000060, 0.000183, 0.518676, 0.454576, 0.026505, 1, 1575412565.86739,
00170, 00170, 0.000002, 0.000031, 0.999873, 0.000068, 0.000026, 1, 1575412572.939858,
00171, 00171, 0.000013, 0.000058, 0.993371, 0.004775, 0.001784, 1, 1575412580.7496278,
00172, 00172, 0.000002, 0.000057, 0.999904, 0.000028, 0.000009, 1, 1575412589.2207386,
00173, 00173, 0.000002, 0.000039, 0.999902, 0.000045, 0.000013, 1, 1575412598.087059,
00174, 00174, 0.000002, 0.000036, 0.999890, 0.000055, 0.000018, 1, 1575412607.6656368,
00175, 00175, 0.000005, 0.000038, 0.999372, 0.000447, 0.000138, 1, 1575412616.489138,
00176, 00176, 0.000039, 0.000154, 0.978965, 0.019550, 0.001292, 1, 1575412625.378945,
00177, 00177, 0.000002, 0.000038, 0.999813, 0.000093, 0.000054, 1, 1575412633.6298375,
00178, 00178, 0.000005, 0.000034, 0.999301, 0.000464, 0.000196, 1, 1575412641.3335347,
00179, 00179, 0.000002, 0.000060, 0.999912, 0.000018, 0.000008, 1, 1575412650.7331364,
00180, 00180, 0.000002, 0.000030, 0.999876, 0.000064, 0.000028, 1, 1575412661.0731733,
00181, 00181, 0.000007, 0.000043, 0.998851, 0.000848, 0.000251, 1, 1575412670.101098,
00182, 00182, 0.000079, 0.000189, 0.459123, 0.513405, 0.027203, 0, 1575412677.5859954,
00183, 00183, 0.000003, 0.000035, 0.999890, 0.000055, 0.000017, 1, 1575412686.7911701,
00184, 00184, 0.000005, 0.000043, 0.999756, 0.000149, 0.000047, 1, 1575412696.479032,
00185, 00185, 0.000003, 0.000037, 0.999864, 0.000073, 0.000023, 1, 1575412704.6482952,
00186, 00186, 0.000003, 0.000033, 0.999825, 0.000106, 0.000034, 1, 1575412712.6021826,
00187, 00187, 0.000003, 0.000029, 0.999806, 0.000110, 0.000051, 1, 1575412722.2946706,
00188, 00188, 0.000058, 0.000171, 0.410270, 0.560939, 0.028563, 0, 1575412730.3723946,
00189, 00189, 0.000008, 0.000048, 0.997744, 0.001700, 0.000501, 1, 1575412738.1219585,
00190, 00190, 0.000055, 0.000180, 0.742819, 0.238086, 0.018861, 1, 1575412747.6096885,
00191, 00191, 0.000037, 0.000094, 0.122198, 0.851613, 0.026059, 0, 1575412756.6952443,
00192, 00192, 0.000003, 0.000029, 0.999833, 0.000095, 0.000040, 1, 1575412768.661663,
00193, 00193, 0.000006, 0.000037, 0.999602, 0.000268, 0.000087, 1, 1575412777.9549115,
00194, 00194, 0.000004, 0.000033, 0.999730, 0.000171, 0.000063, 1, 1575412786.2744274,
00195, 00195, 0.000002, 0.000032, 0.999902, 0.000046, 0.000018, 1, 1575412794.6369264,
00196, 00196, 0.000003, 0.000031, 0.999864, 0.000074, 0.000028, 1, 1575412803.609093,
00197, 00197, 0.000002, 0.000034, 0.999912, 0.000037, 0.000015, 1, 1575412817.379418,
00198, 00198, 0.000002, 0.000030, 0.999898, 0.000049, 0.000021, 1, 1575412825.6318676,
00199, 00199, 0.000003, 0.000030, 0.999745, 0.000155, 0.000066, 1, 1575412834.101643,
00200, 00200, 0.000002, 0.000070, 0.999882, 0.000037, 0.000010, 1, 1575412843.6521068,
00201, 00201, 0.000003, 0.000031, 0.999869, 0.000068, 0.000029, 1, 1575412851.8087976,
00202, 00202, 0.000004, 0.000033, 0.999712, 0.000182, 0.000070, 1, 1575412860.9835835,
00203, 00203, 0.000004, 0.000037, 0.999468, 0.000373, 0.000118, 1, 1575412870.469717,
00204, 00204, 0.000001, 0.000100, 0.999871, 0.000019, 0.000009, 1, 1575412880.2426221,
00205, 00205, 0.000009, 0.000055, 0.999635, 0.000190, 0.000112, 1, 1575412892.984,
00206, 00206, 0.000002, 0.000191, 0.999786, 0.000013, 0.000009, 1, 1575412902.6664026,
00207, 00207, 0.000003, 0.000033, 0.999882, 0.000061, 0.000021, 1, 1575412913.9549263,
00208, 00208, 0.000004, 0.000037, 0.999814, 0.000108, 0.000037, 1, 1575412922.554959,
00209, 00209, 0.000002, 0.000033, 0.999862, 0.000077, 0.000026, 1, 1575412932.8290703,
00210, 00210, 0.000008, 0.000047, 0.997741, 0.001703, 0.000501, 1, 1575412941.2123415,
00211, 00211, 0.000011, 0.000055, 0.995342, 0.003616, 0.000976, 1, 1575412949.4455967,
00212, 00212, 0.000011, 0.000057, 0.994833, 0.004036, 0.001063, 1, 1575412958.2575204,
00213, 00213, 0.000003, 0.000041, 0.999887, 0.000054, 0.000016, 1, 1575412967.3449776,
00214, 00214, 0.000003, 0.000027, 0.999780, 0.000123, 0.000067, 1, 1575412976.1330712,
00215, 00215, 0.000002, 0.000031, 0.999888, 0.000057, 0.000022, 1, 1575412984.1299222,
00216, 00216, 0.000005, 0.000035, 0.999510, 0.000336, 0.000114, 1, 1575412993.5888526,
00217, 00217, 0.000009, 0.000046, 0.997947, 0.001543, 0.000456, 1, 1575413002.9812498,
00218, 00218, 0.000002, 0.000039, 0.999914, 0.000034, 0.000012, 1, 1575413013.6844952,
00219, 00219, 0.000004, 0.000034, 0.999689, 0.000204, 0.000069, 1, 1575413021.1344852,
00220, 00220, 0.000002, 0.000031, 0.999896, 0.000050, 0.000022, 1, 1575413029.140729,
00221, 00221, 0.000005, 0.000034, 0.999620, 0.000241, 0.000100, 1, 1575413038.6066124,
00222, 00222, 0.000004, 0.000034, 0.999587, 0.000272, 0.000103, 1, 1575413051.6669207,
00223, 00223, 0.000005, 0.000035, 0.999616, 0.000258, 0.000086, 1, 1575413061.0986822,
00224, 00224, 0.000014, 0.000044, 0.998096, 0.001329, 0.000517, 1, 1575413071.5623827,
00225, 00225, 0.000017, 0.001037, 0.998566, 0.000298, 0.000081, 1, 1575413083.6386533,
00226, 00226, 0.000001, 0.000041, 0.999916, 0.000028, 0.000013, 1, 1575413092.0001044,
00227, 00227, 0.000003, 0.000036, 0.999748, 0.000159, 0.000054, 1, 1575413105.5493596,
00228, 00228, 0.000003, 0.000034, 0.999793, 0.000129, 0.000040, 1, 1575413115.0179577,
00229, 00229, 0.000004, 0.000035, 0.999587, 0.000282, 0.000093, 1, 1575413124.8557467,
00230, 00230, 0.000005, 0.000034, 0.999815, 0.000103, 0.000044, 1, 1575413135.2782767,
00231, 00231, 0.000055, 0.000163, 0.358090, 0.612662, 0.029029, 0, 1575413144.4023006,
00232, 00232, 0.000006, 0.000042, 0.998775, 0.000896, 0.000280, 1, 1575413153.9540038,
00233, 00233, 0.000033, 0.000121, 0.942469, 0.050433, 0.006944, 1, 1575413164.2541316,
00234, 00234, 0.000009, 0.000042, 0.998372, 0.001165, 0.000412, 1, 1575413172.1923492,
00235, 00235, 0.000002, 0.000041, 0.999909, 0.000036, 0.000011, 1, 1575413182.7374713,
00236, 00236, 0.000009, 0.000046, 0.996758, 0.002385, 0.000801, 1, 1575413191.864955,
00237, 00237, 0.000003, 0.000034, 0.999774, 0.000143, 0.000047, 1, 1575413201.5240972,
00238, 00238, 0.000004, 0.000042, 0.999833, 0.000092, 0.000030, 1, 1575413214.5539703,
00239, 00239, 0.000004, 0.000034, 0.999700, 0.000197, 0.000066, 1, 1575413224.9408052,
00240, 00240, 0.000003, 0.000034, 0.999831, 0.000101, 0.000032, 1, 1575413233.185201,
00241, 00241, 0.000010, 0.000043, 0.999252, 0.000513, 0.000182, 1, 1575413242.8630908,
00242, 00242, 0.000002, 0.000031, 0.999899, 0.000044, 0.000025, 1, 1575413252.5783937,
00243, 00243, 0.000003, 0.000039, 0.999902, 0.000043, 0.000014, 1, 1575413263.4764972,
00244, 00244, 0.000003, 0.000029, 0.999769, 0.000135, 0.000064, 1, 1575413273.9249418,
00245, 00245, 0.000003, 0.000031, 0.999876, 0.000066, 0.000025, 1, 1575413284.763513,
00246, 00246, 0.000002, 0.000039, 0.999858, 0.000066, 0.000035, 1, 1575413296.0625682,
00247, 00247, 0.000001, 0.000058, 0.999906, 0.000022, 0.000012, 1, 1575413306.6098695,
00248, 00248, 0.000003, 0.000031, 0.999886, 0.000058, 0.000022, 1, 1575413317.1319177,
00249, 00249, 0.000008, 0.000240, 0.999661, 0.000074, 0.000017, 1, 1575413331.0696058,
00250, 00250, 0.000002, 0.000048, 0.999912, 0.000030, 0.000010, 1, 1575413340.9655156,
00251, 00251, 0.000002, 0.000031, 0.999909, 0.000039, 0.000019, 1, 1575413353.4088678,
00252, 00252, 0.000055, 0.000179, 0.749724, 0.231542, 0.018500, 1, 1575413362.4160705,
00253, 00253, 0.000003, 0.000033, 0.999831, 0.000101, 0.000032, 1, 1575413372.5265183,
00254, 00254, 0.000005, 0.000036, 0.999484, 0.000357, 0.000118, 1, 1575413382.3774748,
00255, 00255, 0.000012, 0.000045, 0.998802, 0.000868, 0.000272, 1, 1575413395.7232902,
00256, 00256, 0.000003, 0.000035, 0.999851, 0.000086, 0.000026, 1, 1575413405.8292787,
00257, 00257, 0.000004, 0.000035, 0.999671, 0.000217, 0.000072, 1, 1575413416.02258,
00258, 00258, 0.000003, 0.000029, 0.999780, 0.000130, 0.000057, 1, 1575413425.657967,
00259, 00259, 0.000002, 0.000032, 0.999858, 0.000081, 0.000027, 1, 1575413436.0220792,
00260, 00260, 0.000002, 0.000123, 0.999850, 0.000017, 0.000008, 1, 1575413448.5700748,
00261, 00261, 0.000013, 0.006093, 0.993805, 0.000063, 0.000026, 1, 1575413458.9160998,
00262, 00262, 0.000003, 0.000032, 0.999842, 0.000091, 0.000032, 1, 1575413468.1683745,
00263, 00263, 0.000001, 0.000053, 0.999910, 0.000025, 0.000010, 1, 1575413478.895159,
00264, 00264, 0.000004, 0.000032, 0.999639, 0.000230, 0.000096, 1, 1575413489.5101264,
00265, 00265, 0.000003, 0.000035, 0.999736, 0.000172, 0.000054, 1, 1575413499.7494338,
00266, 00266, 0.000002, 0.000042, 0.999917, 0.000028, 0.000011, 1, 1575413510.4748092,
00267, 00267, 0.000002, 0.000047, 0.999915, 0.000026, 0.000010, 1, 1575413520.696078,
00268, 00268, 0.000002, 0.000033, 0.999900, 0.000043, 0.000022, 1, 1575413531.1295133,
00269, 00269, 0.000005, 0.000035, 0.999525, 0.000319, 0.000115, 1, 1575413541.8142416,
00270, 00270, 0.000003, 0.000032, 0.999784, 0.000132, 0.000049, 1, 1575413551.6484694,
00271, 00271, 0.000002, 0.000037, 0.999859, 0.000076, 0.000025, 1, 1575413566.028705,
00272, 00272, 0.000003, 0.000028, 0.999683, 0.000188, 0.000098, 1, 1575413576.6497486,
00273, 00273, 0.000052, 0.000173, 0.790806, 0.192363, 0.016606, 1, 1575413586.3398287,
00274, 00274, 0.000007, 0.000046, 0.998073, 0.001440, 0.000434, 1, 1575413596.1787105,
00275, 00275, 0.000003, 0.000034, 0.999850, 0.000086, 0.000027, 1, 1575413607.0521867,
00276, 00276, 0.000003, 0.000030, 0.999772, 0.000136, 0.000059, 1, 1575413616.7740624,
00277, 00277, 0.000006, 0.000034, 0.999540, 0.000299, 0.000121, 1, 1575413626.0911524,
00278, 00278, 0.000003, 0.000032, 0.999821, 0.000106, 0.000038, 1, 1575413635.9477613,
00279, 00279, 0.000002, 0.000063, 0.999907, 0.000021, 0.000008, 1, 1575413646.2496986,
00280, 00280, 0.000003, 0.000035, 0.999701, 0.000198, 0.000064, 1, 1575413657.4176428,
00281, 00281, 0.000003, 0.000034, 0.999797, 0.000126, 0.000040, 1, 1575413669.4195735,
00282, 00282, 0.000002, 0.000030, 0.999889, 0.000052, 0.000027, 1, 1575413682.7248414,
00283, 00283, 0.000003, 0.000031, 0.999817, 0.000107, 0.000042, 1, 1575413691.6870024,
00284, 00284, 0.000002, 0.000035, 0.999903, 0.000043, 0.000018, 1, 1575413703.5711715,
00285, 00285, 0.000002, 0.000031, 0.999851, 0.000080, 0.000035, 1, 1575413716.7411366,
00286, 00286, 0.000011, 0.000038, 0.998526, 0.001001, 0.000424, 1, 1575413729.0455909,
00287, 00287, 0.000003, 0.000034, 0.999723, 0.000180, 0.000059, 1, 1575413740.693568,
00288, 00288, 0.000059, 0.000178, 0.471709, 0.500454, 0.027600, 0, 1575413751.3246598,
00289, 00289, 0.000060, 0.000184, 0.555533, 0.418585, 0.025637, 1, 1575413762.1510174,
00290, 00290, 0.000053, 0.000149, 0.298331, 0.671999, 0.029468, 0, 1575413773.5013266,
00291, 00291, 0.000005, 0.000037, 0.999145, 0.000587, 0.000225, 1, 1575413783.2073674,
00292, 00292, 0.000003, 0.000031, 0.999840, 0.000091, 0.000036, 1, 1575413794.021937,
00293, 00293, 0.000002, 0.000033, 0.999859, 0.000079, 0.000026, 1, 1575413804.5420463,
00294, 00294, 0.000002, 0.000031, 0.999901, 0.000047, 0.000019, 1, 1575413815.8692267,
00295, 00295, 0.000002, 0.000038, 0.999904, 0.000043, 0.000013, 1, 1575413827.0065982,
00296, 00296, 0.000007, 0.000037, 0.999824, 0.000088, 0.000044, 1, 1575413839.0747943,
00297, 00297, 0.000059, 0.000185, 0.615103, 0.360658, 0.023994, 1, 1575413848.6364255,
00298, 00298, 0.000051, 0.000173, 0.799264, 0.184305, 0.016208, 1, 1575413858.7297707,
00299, 00299, 0.000005, 0.000036, 0.999426, 0.000400, 0.000132, 1, 1575413868.8795397,
00300, 00300, 0.000002, 0.000031, 0.999864, 0.000075, 0.000028, 1, 1575413881.126449,
00301, 00301, 0.000003, 0.000029, 0.999725, 0.000165, 0.000077, 1, 1575413891.8578098,
00302, 00302, 0.000002, 0.000030, 0.999852, 0.000080, 0.000036, 1, 1575413903.4853058,
00303, 00303, 0.000007, 0.000044, 0.999763, 0.000137, 0.000049, 1, 1575413914.522741,
00304, 00304, 0.000001, 0.000087, 0.999874, 0.000029, 0.000009, 1, 1575413926.1627207,
00305, 00305, 0.000003, 0.000028, 0.999765, 0.000137, 0.000067, 1, 1575413935.7067006,
00306, 00306, 0.000001, 0.000050, 0.999906, 0.000032, 0.000010, 1, 1575413946.0308046,
00307, 00307, 0.000004, 0.000033, 0.999544, 0.000297, 0.000122, 1, 1575413958.9794207,
00308, 00308, 0.000003, 0.000028, 0.999770, 0.000132, 0.000067, 1, 1575413969.8085644,
00309, 00309, 0.000005, 0.000036, 0.999542, 0.000314, 0.000102, 1, 1575413982.443376,
00310, 00310, 0.000003, 0.000031, 0.999704, 0.000185, 0.000076, 1, 1575413995.599307,
00311, 00311, 0.000001, 0.000038, 0.999920, 0.000025, 0.000016, 1, 1575414007.6161284,
00312, 00312, 0.000003, 0.000033, 0.999864, 0.000075, 0.000025, 1, 1575414017.2659962,
00313, 00313, 0.000002, 0.000039, 0.999919, 0.000028, 0.000011, 1, 1575414026.6927965,
00314, 00314, 0.000004, 0.000030, 0.999632, 0.000228, 0.000106, 1, 1575414038.2089934,
00315, 00315, 0.000003, 0.000039, 0.999895, 0.000049, 0.000015, 1, 1575414052.5155573,
00316, 00316, 0.000003, 0.000035, 0.999697, 0.000197, 0.000068, 1, 1575414063.7407212,
00317, 00317, 0.000002, 0.000043, 0.999911, 0.000027, 0.000017, 1, 1575414075.457653,
00318, 00318, 0.000020, 0.001957, 0.997896, 0.000092, 0.000036, 1, 1575414087.714266,
00319, 00319, 0.000005, 0.000031, 0.999645, 0.000222, 0.000097, 1, 1575414097.8716562,
00320, 00320, 0.000004, 0.000030, 0.999680, 0.000197, 0.000089, 1, 1575414108.3500483,
00321, 00321, 0.000003, 0.000034, 0.999846, 0.000089, 0.000027, 1, 1575414118.4962242,
00322, 00322, 0.000002, 0.000033, 0.999898, 0.000042, 0.000026, 1, 1575414128.1390014,
00323, 00323, 0.000002, 0.000028, 0.999868, 0.000066, 0.000036, 1, 1575414138.6555574,
00324, 00324, 0.000002, 0.000034, 0.999902, 0.000046, 0.000017, 1, 1575414149.0191958,
00325, 00325, 0.000002, 0.000027, 0.999872, 0.000064, 0.000034, 1, 1575414161.9917536,
00326, 00326, 0.000003, 0.000029, 0.999823, 0.000100, 0.000046, 1, 1575414176.7429657,
00327, 00327, 0.000031, 0.005213, 0.994572, 0.000129, 0.000055, 1, 1575414188.6810138,
00328, 00328, 0.000019, 0.001607, 0.998253, 0.000088, 0.000033, 1, 1575414200.7768502,
00329, 00329, 0.000003, 0.000031, 0.999883, 0.000059, 0.000025, 1, 1575414212.997782,
00330, 00330, 0.000020, 0.001667, 0.998181, 0.000094, 0.000038, 1, 1575414225.183032,
00331, 00331, 0.000015, 0.000644, 0.999228, 0.000082, 0.000031, 1, 1575414237.2738423,
00332, 00332, 0.000002, 0.000038, 0.999887, 0.000056, 0.000016, 1, 1575414249.3263829,
00333, 00333, 0.000003, 0.000028, 0.999733, 0.000155, 0.000082, 1, 1575414262.4201605,
00334, 00334, 0.000003, 0.000048, 0.999899, 0.000038, 0.000012, 1, 1575414273.4458086,
00335, 00335, 0.000002, 0.000031, 0.999877, 0.000065, 0.000024, 1, 1575414285.1815434,
00336, 00336, 0.000004, 0.000032, 0.999659, 0.000217, 0.000088, 1, 1575414296.8634913,
00337, 00337, 0.000004, 0.000031, 0.999442, 0.000351, 0.000171, 1, 1575414309.0469897,
00338, 00338, 0.000002, 0.000070, 0.999872, 0.000036, 0.000020, 1, 1575414321.4408975,
00339, 00339, 0.000002, 0.000029, 0.999841, 0.000085, 0.000043, 1, 1575414331.7469478,
00340, 00340, 0.000002, 0.000031, 0.999901, 0.000044, 0.000023, 1, 1575414342.920753,
00341, 00341, 0.000014, 0.000052, 0.995057, 0.003728, 0.001150, 1, 1575414355.5305045,
00342, 00342, 0.000006, 0.000037, 0.999266, 0.000504, 0.000187, 1, 1575414366.8868763,
00343, 00343, 0.000004, 0.000030, 0.999605, 0.000247, 0.000114, 1, 1575414382.6614249,
00344, 00344, 0.000002, 0.000069, 0.999875, 0.000034, 0.000020, 1, 1575414393.963605,
00345, 00345, 0.000004, 0.000033, 0.999764, 0.000148, 0.000053, 1, 1575414406.784671,
00346, 00346, 0.000002, 0.000042, 0.999893, 0.000042, 0.000021, 1, 1575414421.246655,
00347, 00347, 0.000002, 0.000036, 0.999891, 0.000055, 0.000017, 1, 1575414433.36596,
00348, 00348, 0.000003, 0.000030, 0.999887, 0.000056, 0.000024, 1, 1575414444.683944,
00349, 00349, 0.000006, 0.000034, 0.999410, 0.000392, 0.000159, 1, 1575414456.3496695,
00350, 00350, 0.000003, 0.000034, 0.999904, 0.000043, 0.000017, 1, 1575414467.1704314,
00351, 00351, 0.000014, 0.000757, 0.999136, 0.000068, 0.000025, 1, 1575414479.4721391,
00352, 00352, 0.000010, 0.000075, 0.998064, 0.001403, 0.000448, 1, 1575414494.8092337,
00353, 00353, 0.000002, 0.000033, 0.999877, 0.000055, 0.000032, 1, 1575414507.050494,
00354, 00354, 0.000002, 0.000028, 0.999876, 0.000062, 0.000031, 1, 1575414519.506267,
00355, 00355, 0.000002, 0.000028, 0.999865, 0.000072, 0.000032, 1, 1575414530.736595,
00356, 00356, 0.000002, 0.000032, 0.999912, 0.000038, 0.000017, 1, 1575414541.8983285,
00357, 00357, 0.000002, 0.000034, 0.999898, 0.000049, 0.000017, 1, 1575414556.2734904,
00358, 00358, 0.000002, 0.000028, 0.999896, 0.000049, 0.000025, 1, 1575414569.1443965,
00359, 00359, 0.000002, 0.000027, 0.999860, 0.000073, 0.000037, 1, 1575414582.5391455,
00360, 00360, 0.000004, 0.000035, 0.999603, 0.000270, 0.000088, 1, 1575414593.6631074,
00361, 00361, 0.000002, 0.000027, 0.999849, 0.000080, 0.000042, 1, 1575414606.6706135,
00362, 00362, 0.000002, 0.000041, 0.999916, 0.000030, 0.000012, 1, 1575414619.100331,
00363, 00363, 0.000004, 0.000033, 0.999786, 0.000128, 0.000048, 1, 1575414632.1418836,
00364, 00364, 0.000002, 0.000035, 0.999872, 0.000069, 0.000021, 1, 1575414643.5837483,
00365, 00365, 0.000002, 0.000034, 0.999910, 0.000036, 0.000019, 1, 1575414654.6789072,
00366, 00366, 0.000002, 0.000032, 0.999896, 0.000050, 0.000020, 1, 1575414665.3539138,
00367, 00367, 0.000004, 0.000032, 0.999771, 0.000141, 0.000053, 1, 1575414676.8483732,
00368, 00368, 0.000002, 0.000034, 0.999902, 0.000044, 0.000018, 1, 1575414688.7256877,
00369, 00369, 0.000002, 0.000030, 0.999895, 0.000051, 0.000023, 1, 1575414701.2657468,
00370, 00370, 0.000015, 0.000690, 0.999184, 0.000081, 0.000030, 1, 1575414714.322127,
00371, 00371, 0.000021, 0.002190, 0.997654, 0.000096, 0.000038, 1, 1575414727.2266526,
00372, 00372, 0.000015, 0.000551, 0.999325, 0.000080, 0.000029, 1, 1575414740.0339413,
00373, 00373, 0.000003, 0.000031, 0.999880, 0.000061, 0.000026, 1, 1575414752.970932,
00374, 00374, 0.000001, 0.000058, 0.999904, 0.000028, 0.000008, 1, 1575414765.2233243,
00375, 00375, 0.000005, 0.000036, 0.999223, 0.000524, 0.000212, 1, 1575414777.0889852,
00376, 00376, 0.000003, 0.000033, 0.999858, 0.000077, 0.000028, 1, 1575414789.0076919,
00377, 00377, 0.000003, 0.000031, 0.999727, 0.000170, 0.000069, 1, 1575414802.1748312,
00378, 00378, 0.000003, 0.000029, 0.999823, 0.000100, 0.000045, 1, 1575414814.3770297,
00379, 00379, 0.000005, 0.000032, 0.999456, 0.000352, 0.000154, 1, 1575414826.514715,
00380, 00380, 0.000002, 0.000029, 0.999874, 0.000064, 0.000032, 1, 1575414837.8301852,
00381, 00381, 0.000002, 0.000033, 0.999845, 0.000090, 0.000031, 1, 1575414849.2576377,
00382, 00382, 0.000001, 0.000075, 0.999888, 0.000027, 0.000009, 1, 1575414861.4341052,
00383, 00383, 0.000002, 0.000032, 0.999905, 0.000043, 0.000018, 1, 1575414874.8683777,
00384, 00384, 0.000004, 0.000032, 0.999884, 0.000057, 0.000023, 1, 1575414886.5907738,
00385, 00385, 0.000002, 0.000031, 0.999878, 0.000065, 0.000024, 1, 1575414900.0759778,
00386, 00386, 0.000007, 0.000041, 0.998904, 0.000800, 0.000248, 1, 1575414914.2004774,
00387, 00387, 0.000006, 0.000052, 0.999755, 0.000142, 0.000044, 1, 1575414930.3637018,
00388, 00388, 0.000003, 0.000043, 0.999700, 0.000172, 0.000082, 1, 1575414943.2941546,
00389, 00389, 0.000003, 0.000033, 0.999854, 0.000082, 0.000028, 1, 1575414956.4362118,
00390, 00390, 0.000003, 0.000031, 0.999850, 0.000081, 0.000034, 1, 1575414969.1299975,
00391, 00391, 0.000003, 0.000032, 0.999872, 0.000068, 0.000025, 1, 1575414982.5727828,
00392, 00392, 0.000015, 0.000688, 0.999181, 0.000083, 0.000033, 1, 1575414996.3682206,
00393, 00393, 0.000002, 0.000052, 0.999915, 0.000022, 0.000009, 1, 1575415008.1762767,
00394, 00394, 0.000021, 0.002231, 0.997612, 0.000097, 0.000039, 1, 1575415022.1084876,
00395, 00395, 0.000004, 0.000034, 0.999630, 0.000246, 0.000086, 1, 1575415034.4410806,
00396, 00396, 0.000003, 0.000028, 0.999785, 0.000120, 0.000064, 1, 1575415046.183621,
00397, 00397, 0.000001, 0.000037, 0.999916, 0.000031, 0.000015, 1, 1575415057.7240725,
00398, 00398, 0.000002, 0.000032, 0.999858, 0.000080, 0.000027, 1, 1575415069.8272846,
00399, 00399, 0.000002, 0.000031, 0.999909, 0.000039, 0.000019, 1, 1575415083.1679764,
00400, 00400, 0.000004, 0.000031, 0.999748, 0.000155, 0.000062, 1, 1575415095.7101405,
00401, 00401, 0.000003, 0.000035, 0.999858, 0.000080, 0.000024, 1, 1575415109.1522837,
00402, 00402, 0.000002, 0.000039, 0.999875, 0.000056, 0.000028, 1, 1575415123.1947682,
00403, 00403, 0.000002, 0.000056, 0.999896, 0.000036, 0.000010, 1, 1575415135.9020627,
00404, 00404, 0.000003, 0.000029, 0.999815, 0.000106, 0.000048, 1, 1575415148.5215366,
00405, 00405, 0.000001, 0.000042, 0.999911, 0.000033, 0.000012, 1, 1575415163.7857227,
00406, 00406, 0.000003, 0.000029, 0.999806, 0.000112, 0.000050, 1, 1575415176.830693,
00407, 00407, 0.000003, 0.000036, 0.999771, 0.000128, 0.000063, 1, 1575415192.3752854,
00408, 00408, 0.000005, 0.000035, 0.999113, 0.000601, 0.000246, 1, 1575415207.4239385,
00409, 00409, 0.000003, 0.000029, 0.999713, 0.000173, 0.000081, 1, 1575415222.1073203,
00410, 00410, 0.000002, 0.000032, 0.999881, 0.000063, 0.000022, 1, 1575415234.9501941,
00411, 00411, 0.000003, 0.000030, 0.999813, 0.000108, 0.000046, 1, 1575415250.1522264,
00412, 00412, 0.000006, 0.000036, 0.999417, 0.000396, 0.000145, 1, 1575415263.659901,
00413, 00413, 0.000015, 0.000723, 0.999155, 0.000078, 0.000029, 1, 1575415277.69862,
00414, 00414, 0.000014, 0.000577, 0.999297, 0.000081, 0.000030, 1, 1575415291.7908309,
00415, 00415, 0.000003, 0.000034, 0.999896, 0.000048, 0.000019, 1, 1575415304.0887706,
00416, 00416, 0.000005, 0.000111, 0.999842, 0.000032, 0.000010, 1, 1575415319.3629532,
00417, 00417, 0.000002, 0.000027, 0.999836, 0.000086, 0.000048, 1, 1575415332.061989,
00418, 00418, 0.000005, 0.000043, 0.999813, 0.000104, 0.000035, 1, 1575415346.4371617,
00419, 00419, 0.000009, 0.000221, 0.999678, 0.000068, 0.000025, 1, 1575415361.4769785,
00420, 00420, 0.000005, 0.000033, 0.999701, 0.000191, 0.000070, 1, 1575415374.4724405,
00421, 00421, 0.000003, 0.000028, 0.999813, 0.000104, 0.000051, 1, 1575415389.6085029,
00422, 00422, 0.000008, 0.000296, 0.999643, 0.000039, 0.000013, 1, 1575415403.4468644,
00423, 00423, 0.000022, 0.002325, 0.997517, 0.000098, 0.000038, 1, 1575415417.8856096,
00424, 00424, 0.000003, 0.000031, 0.999873, 0.000066, 0.000028, 1, 1575415431.300003,
00425, 00425, 0.000003, 0.000036, 0.999777, 0.000115, 0.000069, 1, 1575415445.3787007,
00426, 00426, 0.000013, 0.000331, 0.994663, 0.004939, 0.000053, 1, 1575415459.113924,
00427, 00427, 0.000005, 0.000034, 0.999199, 0.000526, 0.000235, 1, 1575415472.182911,
00428, 00428, 0.000003, 0.000028, 0.999831, 0.000095, 0.000043, 1, 1575415488.35881,
00429, 00429, 0.000007, 0.000037, 0.999289, 0.000488, 0.000179, 1, 1575415501.5123286,
00430, 00430, 0.000006, 0.000041, 0.999005, 0.000722, 0.000226, 1, 1575415517.1958044,
00431, 00431, 0.000003, 0.000030, 0.999850, 0.000082, 0.000035, 1, 1575415531.5130515,
00432, 00432, 0.000016, 0.000777, 0.999087, 0.000086, 0.000034, 1, 1575415546.8605738,
00433, 00433, 0.000020, 0.001738, 0.998100, 0.000100, 0.000042, 1, 1575415561.4521754,
00434, 00434, 0.000003, 0.000033, 0.999868, 0.000070, 0.000026, 1, 1575415576.1780605,
00435, 00435, 0.000003, 0.000049, 0.999887, 0.000047, 0.000014, 1, 1575415589.2575314,
00436, 00436, 0.000002, 0.000031, 0.999906, 0.000041, 0.000019, 1, 1575415606.1636305,
00437, 00437, 0.000001, 0.000037, 0.999916, 0.000031, 0.000015, 1, 1575415619.8387291,
00438, 00438, 0.000002, 0.000030, 0.999836, 0.000092, 0.000040, 1, 1575415634.7111208,
00439, 00439, 0.000002, 0.000040, 0.999907, 0.000033, 0.000018, 1, 1575415650.2970662,
00440, 00440, 0.000002, 0.000054, 0.999871, 0.000051, 0.000023, 1, 1575415668.750181,
00441, 00441, 0.000002, 0.000029, 0.999872, 0.000066, 0.000030, 1, 1575415681.5194018,
00442, 00442, 0.000002, 0.000037, 0.999909, 0.000038, 0.000015, 1, 1575415696.692722,
00443, 00443, 0.000007, 0.000036, 0.998839, 0.000788, 0.000330, 1, 1575415710.35208,
00444, 00444, 0.000003, 0.000033, 0.999719, 0.000180, 0.000065, 1, 1575415724.5273678,
00445, 00445, 0.000004, 0.000030, 0.999584, 0.000257, 0.000126, 1, 1575415740.7811596,
00446, 00446, 0.000002, 0.000033, 0.999848, 0.000077, 0.000040, 1, 1575415754.8437276,
00447, 00447, 0.000003, 0.000031, 0.999831, 0.000099, 0.000036, 1, 1575415768.1588247,
00448, 00448, 0.000004, 0.000034, 0.999607, 0.000258, 0.000097, 1, 1575415783.0424538,
00449, 00449, 0.000005, 0.000034, 0.999548, 0.000298, 0.000115, 1, 1575415797.990861,
00450, 00450, 0.000006, 0.000042, 0.998694, 0.000940, 0.000318, 1, 1575415816.927105,
00451, 00451, 0.000003, 0.000028, 0.999782, 0.000125, 0.000062, 1, 1575415832.3594432,
00452, 00452, 0.000003, 0.000032, 0.999811, 0.000114, 0.000041, 1, 1575415848.1617153,
00453, 00453, 0.000004, 0.000034, 0.999618, 0.000252, 0.000092, 1, 1575415864.9822736,
00454, 00454, 0.000004, 0.000037, 0.999425, 0.000394, 0.000140, 1, 1575415881.3673708,
00455, 00455, 0.000002, 0.000035, 0.999870, 0.000071, 0.000022, 1, 1575415896.6723588,
00456, 00456, 0.000007, 0.000047, 0.997892, 0.001559, 0.000494, 1, 1575415913.4688456,
00457, 00457, 0.000003, 0.000043, 0.999662, 0.000191, 0.000101, 1, 1575415928.0290146,
00458, 00458, 0.000002, 0.000029, 0.999882, 0.000056, 0.000031, 1, 1575415942.8332965,
00459, 00459, 0.000005, 0.000044, 0.999823, 0.000097, 0.000032, 1, 1575415957.017977,
00460, 00460, 0.000004, 0.000029, 0.999600, 0.000241, 0.000126, 1, 1575415972.4750302,
00461, 00461, 0.000008, 0.000040, 0.998032, 0.001379, 0.000540, 1, 1575415987.257637,
00462, 00462, 0.000002, 0.000032, 0.999910, 0.000039, 0.000017, 1, 1575416004.9589345,
00463, 00463, 0.000002, 0.000034, 0.999828, 0.000102, 0.000033, 1, 1575416022.075348,
00464, 00464, 0.000002, 0.000039, 0.999796, 0.000102, 0.000060, 1, 1575416036.565637,
00465, 00465, 0.000002, 0.000037, 0.999890, 0.000045, 0.000026, 1, 1575416050.4965868,
00466, 00466, 0.000002, 0.000034, 0.999889, 0.000056, 0.000018, 1, 1575416065.9042346,
00467, 00467, 0.000004, 0.000036, 0.999551, 0.000302, 0.000107, 1, 1575416081.195984,
00468, 00468, 0.000004, 0.000177, 0.999782, 0.000029, 0.000008, 1, 1575416098.8812819,
00469, 00469, 0.000002, 0.000030, 0.999885, 0.000052, 0.000031, 1, 1575416114.3076544,
00470, 00470, 0.000002, 0.000048, 0.999886, 0.000039, 0.000024, 1, 1575416129.3672848,
00471, 00471, 0.000001, 0.000038, 0.999915, 0.000030, 0.000016, 1, 1575416144.4121845,
00472, 00472, 0.000004, 0.000033, 0.999507, 0.000325, 0.000131, 1, 1575416158.6291611,
00473, 00473, 0.000003, 0.000028, 0.999818, 0.000103, 0.000048, 1, 1575416172.9863112,
00474, 00474, 0.000002, 0.000031, 0.999858, 0.000080, 0.000028, 1, 1575416187.3503091,
00475, 00475, 0.000008, 0.000050, 0.997231, 0.002079, 0.000631, 1, 1575416206.7400215,
00476, 00476, 0.000002, 0.000033, 0.999862, 0.000077, 0.000026, 1, 1575416221.476972,
00477, 00477, 0.000003, 0.000032, 0.999738, 0.000166, 0.000061, 1, 1575416238.3631916,
00478, 00478, 0.000008, 0.000050, 0.997416, 0.001937, 0.000589, 1, 1575416258.0597155,
00479, 00479, 0.000004, 0.000035, 0.999561, 0.000294, 0.000107, 1, 1575416273.9022613,
00480, 00480, 0.000004, 0.000034, 0.999758, 0.000154, 0.000050, 1, 1575416290.3041465,
00481, 00481, 0.000012, 0.004548, 0.995354, 0.000062, 0.000024, 1, 1575416305.931578,
00482, 00482, 0.000005, 0.000044, 0.999705, 0.000187, 0.000059, 1, 1575416320.8826513,
00483, 00483, 0.000002, 0.000036, 0.999873, 0.000055, 0.000034, 1, 1575416335.3007348,
00484, 00484, 0.000002, 0.000031, 0.999844, 0.000077, 0.000046, 1, 1575416349.9310818,
00485, 00485, 0.000003, 0.000055, 0.999807, 0.000088, 0.000047, 1, 1575416366.6257684,
00486, 00486, 0.000002, 0.000034, 0.999893, 0.000054, 0.000018, 1, 1575416383.5383475,
00487, 00487, 0.000002, 0.000030, 0.999894, 0.000050, 0.000024, 1, 1575416397.2952328,
00488, 00488, 0.000002, 0.000033, 0.999898, 0.000050, 0.000017, 1, 1575416410.7586038,
00489, 00489, 0.000003, 0.000083, 0.999820, 0.000062, 0.000033, 1, 1575416426.8746505,
00490, 00490, 0.000005, 0.000048, 0.999263, 0.000474, 0.000211, 1, 1575416443.7242358,
00491, 00491, 0.000002, 0.000067, 0.999884, 0.000029, 0.000017, 1, 1575416460.687803,
00492, 00492, 0.000003, 0.000065, 0.999896, 0.000026, 0.000009, 1, 1575416478.6037683,
00493, 00493, 0.000002, 0.000030, 0.999906, 0.000038, 0.000024, 1, 1575416495.993992,
00494, 00494, 0.000004, 0.000033, 0.999595, 0.000266, 0.000103, 1, 1575416510.6974895,
00495, 00495, 0.000002, 0.000048, 0.999809, 0.000091, 0.000050, 1, 1575416527.2880929,
00496, 00496, 0.000010, 0.000076, 0.998621, 0.001003, 0.000290, 1, 1575416544.1232474,
00497, 00497, 0.000005, 0.000051, 0.999378, 0.000393, 0.000173, 1, 1575416562.0802615,
00498, 00498, 0.000002, 0.000054, 0.999865, 0.000049, 0.000029, 1, 1575416578.003648,
00499, 00499, 0.000004, 0.000054, 0.999638, 0.000207, 0.000098, 1, 1575416596.1674416,
00500, 00500, 0.000008, 0.000170, 0.999432, 0.000313, 0.000077, 1, 1575416611.4808002,
00501, 00501, 0.000178, 0.840859, 0.158609, 0.000249, 0.000105, 0, 1575416628.308899,
00502, 00502, 0.000002, 0.000066, 0.999873, 0.000041, 0.000017, 1, 1575416645.0733166,
00503, 00503, 0.000007, 0.002050, 0.997836, 0.000082, 0.000024, 1, 1575416664.0835192,
00504, 00504, 0.000002, 0.000038, 0.999908, 0.000032, 0.000020, 1, 1575416680.894997,
00505, 00505, 0.000014, 0.000054, 0.998002, 0.001526, 0.000404, 1, 1575416698.2824943,
00506, 00506, 0.000002, 0.000102, 0.999839, 0.000038, 0.000020, 1, 1575416715.20813,
00507, 00507, 0.000004, 0.000042, 0.999579, 0.000245, 0.000131, 1, 1575416731.683647,
00508, 00508, 0.000002, 0.000036, 0.999876, 0.000053, 0.000033, 1, 1575416748.0314615,
00509, 00509, 0.000001, 0.000040, 0.999913, 0.000031, 0.000014, 1, 1575416765.4191895,
00510, 00510, 0.000002, 0.000037, 0.999910, 0.000031, 0.000020, 1, 1575416780.4819627,
00511, 00511, 0.000003, 0.000045, 0.999805, 0.000102, 0.000046, 1, 1575416795.882889,
00512, 00512, 0.000009, 0.000101, 0.999038, 0.000733, 0.000119, 1, 1575416813.5017502,
00513, 00513, 0.000003, 0.000032, 0.999765, 0.000128, 0.000072, 1, 1575416830.5315154,
00514, 00514, 0.000003, 0.000053, 0.999818, 0.000086, 0.000041, 1, 1575416848.814819,
00515, 00515, 0.000002, 0.000039, 0.999895, 0.000041, 0.000022, 1, 1575416867.761465,
00516, 00516, 0.000002, 0.000028, 0.999853, 0.000076, 0.000041, 1, 1575416882.1051304,
00517, 00517, 0.000005, 0.000060, 0.999822, 0.000086, 0.000026, 1, 1575416896.59762,
00518, 00518, 0.000002, 0.000065, 0.999885, 0.000030, 0.000018, 1, 1575416912.7252395,
00519, 00519, 0.000002, 0.000038, 0.999898, 0.000040, 0.000022, 1, 1575416929.8082664,
00520, 00520, 0.000005, 0.000055, 0.999320, 0.000440, 0.000180, 1, 1575416945.0536528,
00521, 00521, 0.000003, 0.000051, 0.999760, 0.000123, 0.000063, 1, 1575416961.804372,
00522, 00522, 0.000003, 0.000032, 0.999761, 0.000126, 0.000078, 1, 1575416983.186955,
00523, 00523, 0.000002, 0.000069, 0.999825, 0.000068, 0.000036, 1, 1575417000.0957835,
00524, 00524, 0.000014, 0.003696, 0.994927, 0.001324, 0.000038, 1, 1575417016.9573443,
00525, 00525, 0.000004, 0.000425, 0.999527, 0.000031, 0.000014, 1, 1575417033.444327,
00526, 00526, 0.000001, 0.000042, 0.999918, 0.000027, 0.000012, 1, 1575417048.7355866,
00527, 00527, 0.000003, 0.000058, 0.999725, 0.000146, 0.000068, 1, 1575417065.2191317,
00528, 00528, 0.000004, 0.000032, 0.999707, 0.000186, 0.000071, 1, 1575417083.8951466,
00529, 00529, 0.000002, 0.000039, 0.999877, 0.000050, 0.000032, 1, 1575417100.640603,
00530, 00530, 0.000002, 0.000032, 0.999907, 0.000038, 0.000021, 1, 1575417119.2880082,
00531, 00531, 0.000002, 0.000048, 0.999855, 0.000060, 0.000035, 1, 1575417135.836042,
00532, 00532, 0.000003, 0.000034, 0.999759, 0.000154, 0.000051, 1, 1575417151.7223608,
00533, 00533, 0.000002, 0.000030, 0.999842, 0.000079, 0.000047, 1, 1575417166.5945892,
00534, 00534, 0.000002, 0.000032, 0.999856, 0.000070, 0.000040, 1, 1575417184.6169791,
00535, 00535, 0.000003, 0.000045, 0.999830, 0.000087, 0.000035, 1, 1575417202.9722493,
00536, 00536, 0.000003, 0.000205, 0.999751, 0.000028, 0.000013, 1, 1575417218.4533324,
00537, 00537, 0.000002, 0.000034, 0.999892, 0.000043, 0.000028, 1, 1575417234.5488074,
00538, 00538, 0.000002, 0.000033, 0.999886, 0.000059, 0.000021, 1, 1575417253.214293,
00539, 00539, 0.000002, 0.000034, 0.999903, 0.000045, 0.000015, 1, 1575417269.474607,
00540, 00540, 0.000002, 0.000079, 0.999880, 0.000027, 0.000012, 1, 1575417286.6454105,
00541, 00541, 0.000005, 0.000031, 0.999235, 0.000462, 0.000267, 1, 1575417301.718104,
00542, 00542, 0.000002, 0.000057, 0.999841, 0.000064, 0.000036, 1, 1575417318.09484,
00543, 00543, 0.000004, 0.000046, 0.999626, 0.000222, 0.000102, 1, 1575417336.3026922,
00544, 00544, 0.000008, 0.000086, 0.999209, 0.000538, 0.000158, 1, 1575417353.3603742,
00545, 00545, 0.000003, 0.000248, 0.999704, 0.000030, 0.000015, 1, 1575417371.0423589,
00546, 00546, 0.000017, 0.004594, 0.995265, 0.000090, 0.000034, 1, 1575417388.6366236,
00547, 00547, 0.000002, 0.000034, 0.999814, 0.000097, 0.000052, 1, 1575417404.8549333,
00548, 00548, 0.000001, 0.000047, 0.999913, 0.000026, 0.000012, 1, 1575417420.8141348,
00549, 00549, 0.000002, 0.000032, 0.999890, 0.000050, 0.000026, 1, 1575417437.6483874,
00550, 00550, 0.000004, 0.001267, 0.998666, 0.000044, 0.000019, 1, 1575417454.8507667,
00551, 00551, 0.000002, 0.000047, 0.999891, 0.000038, 0.000022, 1, 1575417472.9516087,
00552, 00552, 0.000008, 0.000107, 0.999178, 0.000629, 0.000077, 1, 1575417490.776907,
00553, 00553, 0.000003, 0.000088, 0.999730, 0.000149, 0.000029, 1, 1575417507.3010883,
00554, 00554, 0.000002, 0.000103, 0.999846, 0.000033, 0.000016, 1, 1575417522.947916,
00555, 00555, 0.000005, 0.000044, 0.999792, 0.000119, 0.000040, 1, 1575417538.1669075,
00556, 00556, 0.000002, 0.000040, 0.999853, 0.000065, 0.000040, 1, 1575417555.4190862,
00557, 00557, 0.000002, 0.000058, 0.999889, 0.000033, 0.000018, 1, 1575417574.5277808,
00558, 00558, 0.000002, 0.000032, 0.999902, 0.000040, 0.000023, 1, 1575417593.705494,
00559, 00559, 0.000003, 0.000032, 0.999630, 0.000209, 0.000125, 1, 1575417612.3251882,
00560, 00560, 0.000002, 0.000028, 0.999833, 0.000092, 0.000045, 1, 1575417627.1209035,
00561, 00561, 0.000003, 0.000031, 0.999808, 0.000115, 0.000043, 1, 1575417644.4884188,
00562, 00562, 0.000002, 0.000053, 0.999891, 0.000033, 0.000020, 1, 1575417662.4867167,
00563, 00563, 0.000007, 0.000085, 0.999408, 0.000377, 0.000123, 1, 1575417682.9411514,
00564, 00564, 0.000002, 0.000033, 0.999872, 0.000059, 0.000034, 1, 1575417701.1335733,
00565, 00565, 0.000004, 0.000082, 0.999691, 0.000157, 0.000066, 1, 1575417718.1968322,
00566, 00566, 0.000003, 0.000068, 0.999827, 0.000075, 0.000028, 1, 1575417736.4643412,
00567, 00567, 0.000014, 0.000053, 0.993572, 0.004618, 0.001743, 1, 1575417753.9726279,
00568, 00568, 0.000002, 0.000039, 0.999910, 0.000036, 0.000014, 1, 1575417770.5536816,
00569, 00569, 0.000002, 0.000049, 0.999885, 0.000041, 0.000023, 1, 1575417786.818507,
00570, 00570, 0.000002, 0.000040, 0.999920, 0.000026, 0.000013, 1, 1575417803.651169,
00571, 00571, 0.000005, 0.000029, 0.999441, 0.000350, 0.000174, 1, 1575417823.5510297,
00572, 00572, 0.000002, 0.000054, 0.999854, 0.000057, 0.000033, 1, 1575417840.4227784,
00573, 00573, 0.000014, 0.000266, 0.996726, 0.002935, 0.000059, 1, 1575417859.6122668,
00574, 00574, 0.000003, 0.000173, 0.999794, 0.000019, 0.000011, 1, 1575417877.6593165,
00575, 00575, 0.000002, 0.000029, 0.999872, 0.000066, 0.000030, 1, 1575417906.4032378,
00576, 00576, 0.000001, 0.000098, 0.999869, 0.000023, 0.000009, 1, 1575417924.5897431,
00577, 00577, 0.000002, 0.000064, 0.999884, 0.000031, 0.000019, 1, 1575417944.572367,
00578, 00578, 0.000002, 0.000040, 0.999909, 0.000030, 0.000019, 1, 1575417961.7696702,
00579, 00579, 0.000002, 0.000122, 0.999837, 0.000026, 0.000014, 1, 1575417982.8342085,
00580, 00580, 0.000004, 0.000034, 0.999637, 0.000244, 0.000081, 1, 1575417999.1883574,
00581, 00581, 0.000002, 0.000034, 0.999904, 0.000042, 0.000018, 1, 1575418015.9703522,
00582, 00582, 0.000004, 0.000031, 0.999466, 0.000315, 0.000184, 1, 1575418035.20005,
00583, 00583, 0.000002, 0.000060, 0.999830, 0.000071, 0.000037, 1, 1575418053.521816,
00584, 00584, 0.000002, 0.000099, 0.999848, 0.000033, 0.000018, 1, 1575418071.9920487,
00585, 00585, 0.000002, 0.000039, 0.999891, 0.000050, 0.000018, 1, 1575418092.766012,
00586, 00586, 0.000003, 0.000131, 0.999769, 0.000066, 0.000031, 1, 1575418111.3419535,
00587, 00587, 0.000002, 0.000123, 0.999814, 0.000041, 0.000020, 1, 1575418129.5180285,
00588, 00588, 0.000002, 0.000069, 0.999835, 0.000060, 0.000033, 1, 1575418147.8374217,
00589, 00589, 0.000004, 0.000035, 0.999605, 0.000259, 0.000098, 1, 1575418167.1540053,
00590, 00590, 0.000003, 0.000343, 0.999625, 0.000019, 0.000010, 1, 1575418184.177552,
00591, 00591, 0.000002, 0.000029, 0.999882, 0.000059, 0.000029, 1, 1575418201.7395377,
00592, 00592, 0.000002, 0.000065, 0.999894, 0.000027, 0.000013, 1, 1575418218.55066,
00593, 00593, 0.000003, 0.000032, 0.999690, 0.000171, 0.000104, 1, 1575418236.663901,
00594, 00594, 0.000002, 0.000049, 0.999832, 0.000075, 0.000041, 1, 1575418255.2655268,
00595, 00595, 0.000007, 0.000419, 0.999441, 0.000092, 0.000041, 1, 1575418274.1092906,
00596, 00596, 0.000021, 0.000122, 0.993951, 0.005048, 0.000858, 1, 1575418291.731799,
00597, 00597, 0.000002, 0.000066, 0.999840, 0.000059, 0.000033, 1, 1575418308.4350913,
00598, 00598, 0.000002, 0.000031, 0.999863, 0.000075, 0.000029, 1, 1575418326.5429664,
00599, 00599, 0.000001, 0.000044, 0.999911, 0.000030, 0.000013, 1, 1575418347.8610606,
00600, 00600, 0.000003, 0.000030, 0.999871, 0.000066, 0.000030, 1, 1575418365.6607783,
00601, 00601, 0.000006, 0.000069, 0.999305, 0.000455, 0.000164, 1, 1575418382.7377687,
00602, 00602, 0.000018, 0.000092, 0.993145, 0.005539, 0.001205, 1, 1575418401.0071797,
00603, 00603, 0.000002, 0.000048, 0.999855, 0.000060, 0.000036, 1, 1575418418.2130268,
00604, 00604, 0.000015, 0.000120, 0.998167, 0.001442, 0.000255, 1, 1575418436.2166805,
00605, 00605, 0.000002, 0.000065, 0.999863, 0.000045, 0.000026, 1, 1575418454.6781123,
00606, 00606, 0.000004, 0.000068, 0.999613, 0.000222, 0.000093, 1, 1575418472.5593464,
00607, 00607, 0.000002, 0.000032, 0.999870, 0.000071, 0.000025, 1, 1575418496.1561549,
00608, 00608, 0.000003, 0.000033, 0.999889, 0.000056, 0.000019, 1, 1575418515.1018612,
00609, 00609, 0.000002, 0.000033, 0.999851, 0.000070, 0.000044, 1, 1575418535.062694,
00610, 00610, 0.000003, 0.000028, 0.999778, 0.000123, 0.000068, 1, 1575418554.314611,
00611, 00611, 0.000004, 0.000031, 0.999578, 0.000267, 0.000121, 1, 1575418573.82648,
00612, 00612, 0.000001, 0.000051, 0.999915, 0.000023, 0.000010, 1, 1575418593.221925,
00613, 00613, 0.000002, 0.000032, 0.999892, 0.000045, 0.000030, 1, 1575418613.0321364,
00614, 00614, 0.000003, 0.000045, 0.999881, 0.000055, 0.000016, 1, 1575418631.2219508,
00615, 00615, 0.000003, 0.000027, 0.999748, 0.000145, 0.000078, 1, 1575418649.8774676,
00616, 00616, 0.000002, 0.000031, 0.999892, 0.000054, 0.000022, 1, 1575418669.535246,
00617, 00617, 0.000007, 0.000038, 0.998872, 0.000781, 0.000302, 1, 1575418689.5022311,
00618, 00618, 0.000011, 0.000061, 0.994612, 0.004278, 0.001038, 1, 1575418708.0728211,
00619, 00619, 0.000001, 0.000044, 0.999915, 0.000028, 0.000012, 1, 1575418724.7082531,
00620, 00620, 0.000004, 0.000031, 0.999765, 0.000142, 0.000058, 1, 1575418742.116169,
00621, 00621, 0.000001, 0.000047, 0.999912, 0.000030, 0.000010, 1, 1575418762.8200853,
00622, 00622, 0.000003, 0.000031, 0.999840, 0.000092, 0.000034, 1, 1575418780.9651499,
00623, 00623, 0.000002, 0.000033, 0.999896, 0.000051, 0.000018, 1, 1575418798.8135686,
00624, 00624, 0.000006, 0.000044, 0.998635, 0.001024, 0.000291, 1, 1575418817.6827636,
00625, 00625, 0.000002, 0.000038, 0.999908, 0.000039, 0.000014, 1, 1575418836.8510256,
00626, 00626, 0.000005, 0.000043, 0.999123, 0.000634, 0.000196, 1, 1575418856.5633416,
00627, 00627, 0.000004, 0.000041, 0.999293, 0.000502, 0.000160, 1, 1575418876.908727,
00628, 00628, 0.000002, 0.000033, 0.999883, 0.000061, 0.000021, 1, 1575418896.3500347,
00629, 00629, 0.000002, 0.000036, 0.999890, 0.000054, 0.000017, 1, 1575418917.0998912,
00630, 00630, 0.000002, 0.000031, 0.999882, 0.000055, 0.000031, 1, 1575418936.736303,
00631, 00631, 0.000002, 0.000181, 0.999781, 0.000025, 0.000012, 1, 1575418955.0250604,
00632, 00632, 0.000004, 0.000033, 0.999718, 0.000183, 0.000062, 1, 1575418973.320991,
00633, 00633, 0.000003, 0.000037, 0.999904, 0.000040, 0.000016, 1, 1575418991.536972,
00634, 00634, 0.000001, 0.000051, 0.999912, 0.000026, 0.000009, 1, 1575419010.3337812,
00635, 00635, 0.000003, 0.000033, 0.999868, 0.000069, 0.000026, 1, 1575419028.119679,
00636, 00636, 0.000003, 0.000027, 0.999737, 0.000150, 0.000083, 1, 1575419046.5662854,
00637, 00637, 0.000002, 0.000031, 0.999873, 0.000066, 0.000029, 1, 1575419071.0025089,
00638, 00638, 0.000002, 0.000040, 0.999918, 0.000028, 0.000012, 1, 1575419089.9163623,
00639, 00639, 0.000002, 0.000076, 0.999892, 0.000023, 0.000008, 1, 1575419109.855415,
00640, 00640, 0.000003, 0.000047, 0.999910, 0.000030, 0.000011, 1, 1575419128.826338,
00641, 00641, 0.000002, 0.000152, 0.999813, 0.000024, 0.000009, 1, 1575419149.1367416,
00642, 00642, 0.000001, 0.000047, 0.999907, 0.000034, 0.000010, 1, 1575419169.1010032,
00643, 00643, 0.000004, 0.000034, 0.999617, 0.000255, 0.000090, 1, 1575419186.5727253,
00644, 00644, 0.000004, 0.000033, 0.999653, 0.000227, 0.000083, 1, 1575419204.8024368,
00645, 00645, 0.000002, 0.000039, 0.999909, 0.000038, 0.000013, 1, 1575419224.0313165,
00646, 00646, 0.000005, 0.000034, 0.999783, 0.000128, 0.000050, 1, 1575419243.4850647,
00647, 00647, 0.000003, 0.000033, 0.999802, 0.000122, 0.000041, 1, 1575419264.1434133,
00648, 00648, 0.000003, 0.000038, 0.999709, 0.000193, 0.000057, 1, 1575419284.7584386,
00649, 00649, 0.000003, 0.000035, 0.999751, 0.000160, 0.000051, 1, 1575419304.396691,
00650, 00650, 0.000003, 0.000036, 0.999785, 0.000135, 0.000042, 1, 1575419324.5206048,
00651, 00651, 0.000002, 0.000033, 0.999833, 0.000097, 0.000035, 1, 1575419344.8379033,
00652, 00652, 0.000002, 0.000039, 0.999902, 0.000041, 0.000016, 1, 1575419363.4829547,
00653, 00653, 0.000004, 0.000034, 0.999550, 0.000295, 0.000117, 1, 1575419382.4148746,
00654, 00654, 0.000002, 0.000042, 0.999899, 0.000044, 0.000012, 1, 1575419401.2586558,
00655, 00655, 0.000002, 0.000031, 0.999912, 0.000037, 0.000017, 1, 1575419419.7941523,
00656, 00656, 0.000002, 0.000040, 0.999906, 0.000040, 0.000012, 1, 1575419439.256561,
00657, 00657, 0.000002, 0.000053, 0.999914, 0.000023, 0.000008, 1, 1575419458.7079232,
00658, 00658, 0.000003, 0.000030, 0.999855, 0.000080, 0.000032, 1, 1575419476.4010286,
00659, 00659, 0.000005, 0.000046, 0.999873, 0.000055, 0.000020, 1, 1575419494.993436,
00660, 00660, 0.000001, 0.000085, 0.999884, 0.000022, 0.000008, 1, 1575419515.3774016,
00661, 00661, 0.000003, 0.000031, 0.999720, 0.000173, 0.000073, 1, 1575419535.1403854,
00662, 00662, 0.000002, 0.000044, 0.999918, 0.000027, 0.000010, 1, 1575419555.9088724,
00663, 00663, 0.000005, 0.000035, 0.999818, 0.000099, 0.000042, 1, 1575419576.3420548,
00664, 00664, 0.000002, 0.000034, 0.999908, 0.000037, 0.000019, 1, 1575419594.6324863,
00665, 00665, 0.000002, 0.000034, 0.999891, 0.000054, 0.000018, 1, 1575419616.6039653,
00666, 00666, 0.000002, 0.000103, 0.999868, 0.000017, 0.000010, 1, 1575419638.174606,
00667, 00667, 0.000002, 0.000037, 0.999911, 0.000037, 0.000013, 1, 1575419656.7109797,
00668, 00668, 0.000002, 0.000033, 0.999889, 0.000056, 0.000020, 1, 1575419676.5103698,
00669, 00669, 0.000002, 0.000030, 0.999893, 0.000053, 0.000022, 1, 1575419697.256617,
00670, 00670, 0.000042, 0.000182, 0.833507, 0.152452, 0.013818, 1, 1575419716.7911146,
00671, 00671, 0.000007, 0.000046, 0.998214, 0.001346, 0.000387, 1, 1575419736.9466648,
00672, 00672, 0.000003, 0.000035, 0.999680, 0.000211, 0.000071, 1, 1575419758.0954375,
00673, 00673, 0.000034, 0.000157, 0.908164, 0.082613, 0.009032, 1, 1575419777.1303353,
00674, 00674, 0.000003, 0.000035, 0.999873, 0.000066, 0.000023, 1, 1575419797.2042463,
00675, 00675, 0.000005, 0.000037, 0.999062, 0.000628, 0.000268, 1, 1575419816.7174284,
00676, 00676, 0.000005, 0.000040, 0.999210, 0.000502, 0.000243, 1, 1575419836.1700125,
00677, 00677, 0.000003, 0.000041, 0.999836, 0.000095, 0.000026, 1, 1575419857.703809,
00678, 00678, 0.000007, 0.000041, 0.998796, 0.000877, 0.000278, 1, 1575419877.2384403,
00679, 00679, 0.000002, 0.000038, 0.999910, 0.000037, 0.000013, 1, 1575419897.5047007,
00680, 00680, 0.000001, 0.000045, 0.999911, 0.000030, 0.000013, 1, 1575419918.0564024,
00681, 00681, 0.000002, 0.000034, 0.999903, 0.000041, 0.000021, 1, 1575419938.2519293,
00682, 00682, 0.000002, 0.000035, 0.999900, 0.000046, 0.000018, 1, 1575419956.9683604,
00683, 00683, 0.000002, 0.000031, 0.999880, 0.000063, 0.000023, 1, 1575419978.6202831,
00684, 00684, 0.000002, 0.000031, 0.999883, 0.000061, 0.000023, 1, 1575419998.2970626,
00685, 00685, 0.000002, 0.000040, 0.999918, 0.000029, 0.000011, 1, 1575420022.8935664,
00686, 00686, 0.000002, 0.000044, 0.999897, 0.000038, 0.000019, 1, 1575420044.4527404,
00687, 00687, 0.000002, 0.000039, 0.999893, 0.000051, 0.000016, 1, 1575420065.1119273,
00688, 00688, 0.000003, 0.000031, 0.999853, 0.000081, 0.000032, 1, 1575420084.0032794,
00689, 00689, 0.000008, 0.000041, 0.998799, 0.000874, 0.000278, 1, 1575420104.554374,
00690, 00690, 0.000002, 0.000034, 0.999894, 0.000051, 0.000018, 1, 1575420127.6915355,
00691, 00691, 0.000002, 0.000034, 0.999879, 0.000064, 0.000020, 1, 1575420149.110161,
00692, 00692, 0.000003, 0.000034, 0.999793, 0.000128, 0.000043, 1, 1575420170.3100696,
00693, 00693, 0.000005, 0.000040, 0.999529, 0.000329, 0.000097, 1, 1575420193.8137805,
00694, 00694, 0.000008, 0.000050, 0.997464, 0.001948, 0.000530, 1, 1575420214.2503798,
00695, 00695, 0.000002, 0.000066, 0.999892, 0.000031, 0.000009, 1, 1575420236.4009922,
00696, 00696, 0.000002, 0.000054, 0.999890, 0.000036, 0.000018, 1, 1575420257.8768709,
00697, 00697, 0.000005, 0.000034, 0.999615, 0.000256, 0.000090, 1, 1575420278.149802,
00698, 00698, 0.000002, 0.000063, 0.999906, 0.000021, 0.000008, 1, 1575420298.1483908,
00699, 00699, 0.000002, 0.000044, 0.999917, 0.000027, 0.000010, 1, 1575420317.9247928,
00700, 00700, 0.000002, 0.000051, 0.999909, 0.000029, 0.000009, 1, 1575420340.5499794,
00701, 00701, 0.000007, 0.000060, 0.999795, 0.000105, 0.000032, 1, 1575420360.679576,
00702, 00702, 0.000002, 0.000041, 0.999913, 0.000032, 0.000012, 1, 1575420381.7182012,
00703, 00703, 0.000002, 0.000049, 0.999907, 0.000032, 0.000010, 1, 1575420401.628906,
00704, 00704, 0.000005, 0.000037, 0.999345, 0.000452, 0.000161, 1, 1575420423.2327828,
00705, 00705, 0.000004, 0.000036, 0.999866, 0.000070, 0.000025, 1, 1575420443.8700786,
00706, 00706, 0.000004, 0.000035, 0.999579, 0.000286, 0.000095, 1, 1575420466.5719168,
00707, 00707, 0.000002, 0.000028, 0.999878, 0.000061, 0.000031, 1, 1575420489.2787936,
00708, 00708, 0.000005, 0.000036, 0.999353, 0.000440, 0.000166, 1, 1575420509.3458078,
00709, 00709, 0.000002, 0.000041, 0.999910, 0.000031, 0.000017, 1, 1575420529.7651076,
00710, 00710, 0.000003, 0.000032, 0.999761, 0.000149, 0.000054, 1, 1575420551.2041948,
00711, 00711, 0.000002, 0.000042, 0.999915, 0.000030, 0.000011, 1, 1575420573.8622942,
00712, 00712, 0.000004, 0.000032, 0.999511, 0.000318, 0.000135, 1, 1575420595.0361688,
00713, 00713, 0.000002, 0.000034, 0.999822, 0.000107, 0.000035, 1, 1575420616.8732064,
00714, 00714, 0.000003, 0.000034, 0.999686, 0.000204, 0.000072, 1, 1575420638.9177449,
00715, 00715, 0.000008, 0.000051, 0.997196, 0.002153, 0.000592, 1, 1575420659.723141,
00716, 00716, 0.000002, 0.000035, 0.999896, 0.000050, 0.000016, 1, 1575420682.0082033,
00717, 00717, 0.000002, 0.000039, 0.999892, 0.000043, 0.000023, 1, 1575420701.3747253,
00718, 00718, 0.000001, 0.000038, 0.999914, 0.000032, 0.000014, 1, 1575420722.064065,
00719, 00719, 0.000002, 0.000033, 0.999878, 0.000065, 0.000021, 1, 1575420742.5106604,
00720, 00720, 0.000002, 0.000038, 0.999907, 0.000040, 0.000013, 1, 1575420763.79348,
00721, 00721, 0.000002, 0.000039, 0.999916, 0.000031, 0.000012, 1, 1575420789.055663,
00722, 00722, 0.000003, 0.000028, 0.999837, 0.000088, 0.000044, 1, 1575420810.5287066,
00723, 00723, 0.000007, 0.000052, 0.998952, 0.000721, 0.000269, 1, 1575420833.3574944,
00724, 00724, 0.000002, 0.000034, 0.999832, 0.000082, 0.000050, 1, 1575420855.0115848,
00725, 00725, 0.000002, 0.000052, 0.999914, 0.000023, 0.000009, 1, 1575420879.3154202,
00726, 00726, 0.000003, 0.000032, 0.999877, 0.000065, 0.000023, 1, 1575420905.2759883,
00727, 00727, 0.000002, 0.000116, 0.999839, 0.000034, 0.000010, 1, 1575420930.140711,
00728, 00728, 0.000003, 0.000083, 0.999877, 0.000028, 0.000009, 1, 1575420952.7547817,
00729, 00729, 0.000005, 0.000034, 0.999473, 0.000346, 0.000143, 1, 1575420974.6574817,
00730, 00730, 0.000003, 0.000033, 0.999825, 0.000104, 0.000035, 1, 1575420993.850094,
00731, 00731, 0.000002, 0.000029, 0.999876, 0.000065, 0.000028, 1, 1575421016.7870128,
00732, 00732, 0.000002, 0.000034, 0.999887, 0.000058, 0.000019, 1, 1575421040.430223,
00733, 00733, 0.000002, 0.000032, 0.999915, 0.000035, 0.000016, 1, 1575421068.1209574,
00734, 00734, 0.000003, 0.000034, 0.999809, 0.000116, 0.000039, 1, 1575421090.9970539,
00735, 00735, 0.000008, 0.000049, 0.997579, 0.001848, 0.000515, 1, 1575421112.6059802,
00736, 00736, 0.000015, 0.000074, 0.989466, 0.008610, 0.001836, 1, 1575421134.266948,
00737, 00737, 0.000006, 0.000039, 0.999700, 0.000190, 0.000064, 1, 1575421156.871315,
00738, 00738, 0.000004, 0.000034, 0.999686, 0.000209, 0.000067, 1, 1575421177.0289018,
00739, 00739, 0.000004, 0.000035, 0.999747, 0.000163, 0.000051, 1, 1575421197.6635158,
00740, 00740, 0.000003, 0.000035, 0.999816, 0.000113, 0.000034, 1, 1575421220.6504762,
00741, 00741, 0.000002, 0.000031, 0.999854, 0.000080, 0.000033, 1, 1575421243.4874725,
00742, 00742, 0.000003, 0.000035, 0.999900, 0.000047, 0.000015, 1, 1575421265.7831454,
00743, 00743, 0.000002, 0.000102, 0.999847, 0.000032, 0.000017, 1, 1575421286.1711683,
00744, 00744, 0.000002, 0.000030, 0.999829, 0.000089, 0.000049, 1, 1575421307.8664942,
00745, 00745, 0.000002, 0.000035, 0.999882, 0.000062, 0.000019, 1, 1575421327.969719,
00746, 00746, 0.000002, 0.000033, 0.999886, 0.000058, 0.000021, 1, 1575421347.5382726,
00747, 00747, 0.000003, 0.000032, 0.999819, 0.000109, 0.000037, 1, 1575421370.287051,
00748, 00748, 0.000002, 0.000062, 0.999905, 0.000024, 0.000008, 1, 1575421394.3027558,
00749, 00749, 0.000004, 0.000035, 0.999691, 0.000207, 0.000063, 1, 1575421418.0746365,
00750, 00750, 0.000005, 0.000041, 0.999815, 0.000103, 0.000036, 1, 1575421441.027237,
00751, 00751, 0.000002, 0.000035, 0.999893, 0.000053, 0.000017, 1, 1575421464.2121918,
00752, 00752, 0.000002, 0.000032, 0.999915, 0.000034, 0.000016, 1, 1575421488.3519986,
00753, 00753, 0.000002, 0.000031, 0.999885, 0.000059, 0.000022, 1, 1575421510.4379876,
00754, 00754, 0.000002, 0.000033, 0.999906, 0.000042, 0.000017, 1, 1575421535.1782124,
00755, 00755, 0.000005, 0.000039, 0.999164, 0.000587, 0.000204, 1, 1575421558.5669556,
00756, 00756, 0.000006, 0.000045, 0.998590, 0.001057, 0.000302, 1, 1575421580.4908903,
00757, 00757, 0.000007, 0.000048, 0.997898, 0.001598, 0.000449, 1, 1575421602.0454326,
00758, 00758, 0.000002, 0.000045, 0.999882, 0.000054, 0.000016, 1, 1575421623.6952806,
00759, 00759, 0.000004, 0.000037, 0.999659, 0.000232, 0.000069, 1, 1575421646.940176,
00760, 00760, 0.000004, 0.000056, 0.999848, 0.000071, 0.000021, 1, 1575421667.3657355,
00761, 00761, 0.000002, 0.000037, 0.999911, 0.000036, 0.000013, 1, 1575421689.5511374,
00762, 00762, 0.000002, 0.000039, 0.999908, 0.000039, 0.000012, 1, 1575421711.3880668,
00763, 00763, 0.000003, 0.000043, 0.999906, 0.000036, 0.000012, 1, 1575421733.7298172,
00764, 00764, 0.000005, 0.000040, 0.999335, 0.000479, 0.000141, 1, 1575421755.378967,
00765, 00765, 0.000005, 0.000038, 0.999219, 0.000545, 0.000193, 1, 1575421780.708218,
00766, 00766, 0.000004, 0.000042, 0.999284, 0.000519, 0.000150, 1, 1575421805.3758957,
00767, 00767, 0.000002, 0.000037, 0.999889, 0.000055, 0.000016, 1, 1575421828.7053246,
00768, 00768, 0.000002, 0.000034, 0.999907, 0.000041, 0.000015, 1, 1575421850.1449416,
00769, 00769, 0.000002, 0.000033, 0.999877, 0.000056, 0.000032, 1, 1575421875.5635483,
00770, 00770, 0.000004, 0.000039, 0.999875, 0.000061, 0.000021, 1, 1575421897.7434163,
00771, 00771, 0.000002, 0.000039, 0.999908, 0.000038, 0.000013, 1, 1575421919.9640589,
00772, 00772, 0.000002, 0.000077, 0.999893, 0.000021, 0.000008, 1, 1575421942.428275,
00773, 00773, 0.000006, 0.000046, 0.998397, 0.001203, 0.000347, 1, 1575421964.8103387,
00774, 00774, 0.000008, 0.000051, 0.997403, 0.001990, 0.000548, 1, 1575421987.4041998,
00775, 00775, 0.000003, 0.000035, 0.999706, 0.000191, 0.000065, 1, 1575422011.0850139,
00776, 00776, 0.000003, 0.000031, 0.999777, 0.000136, 0.000052, 1, 1575422032.4956188,
00777, 00777, 0.000003, 0.000028, 0.999736, 0.000153, 0.000081, 1, 1575422054.8048234,
00778, 00778, 0.000003, 0.000046, 0.999812, 0.000102, 0.000037, 1, 1575422076.5899522,
00779, 00779, 0.000006, 0.000033, 0.999030, 0.000633, 0.000299, 1, 1575422099.6795871,
00780, 00780, 0.000005, 0.000036, 0.999166, 0.000554, 0.000238, 1, 1575422121.9476082,
00781, 00781, 0.000005, 0.000055, 0.999827, 0.000087, 0.000027, 1, 1575422142.954999,
00782, 00782, 0.000001, 0.000112, 0.999858, 0.000021, 0.000008, 1, 1575422163.331478,
00783, 00783, 0.000004, 0.000033, 0.999699, 0.000193, 0.000071, 1, 1575422185.1040742,
00784, 00784, 0.000002, 0.000029, 0.999863, 0.000073, 0.000033, 1, 1575422209.5797832,
00785, 00785, 0.000003, 0.000035, 0.999629, 0.000247, 0.000086, 1, 1575422231.3596854,
00786, 00786, 0.000002, 0.000116, 0.999842, 0.000027, 0.000013, 1, 1575422255.4167202,
00787, 00787, 0.000003, 0.000046, 0.999903, 0.000036, 0.000012, 1, 1575422276.3619192,
00788, 00788, 0.000002, 0.000034, 0.999890, 0.000055, 0.000019, 1, 1575422300.0155873,
00789, 00789, 0.000003, 0.000030, 0.999804, 0.000117, 0.000047, 1, 1575422322.7959795,
00790, 00790, 0.000002, 0.000035, 0.999850, 0.000087, 0.000027, 1, 1575422347.670208,
00791, 00791, 0.000002, 0.000027, 0.999876, 0.000063, 0.000031, 1, 1575422374.371242,
00792, 00792, 0.000002, 0.000033, 0.999911, 0.000039, 0.000016, 1, 1575422398.180505,
00793, 00793, 0.000003, 0.000031, 0.999743, 0.000161, 0.000062, 1, 1575422423.0169508,
00794, 00794, 0.000006, 0.000034, 0.998803, 0.000789, 0.000368, 1, 1575422445.3835702,
00795, 00795, 0.000005, 0.000031, 0.999339, 0.000422, 0.000203, 1, 1575422467.9352937,
00796, 00796, 0.000006, 0.000038, 0.998981, 0.000717, 0.000257, 1, 1575422491.2732217,
00797, 00797, 0.000005, 0.000029, 0.999750, 0.000139, 0.000077, 1, 1575422515.482595,
00798, 00798, 0.000002, 0.000032, 0.999868, 0.000073, 0.000025, 1, 1575422537.974509,
00799, 00799, 0.000002, 0.000043, 0.999894, 0.000047, 0.000014, 1, 1575422559.9633098,
00800, 00800, 0.000004, 0.000031, 0.999700, 0.000187, 0.000078, 1, 1575422584.0351193,
00801, 00801, 0.000002, 0.000032, 0.999832, 0.000098, 0.000035, 1, 1575422608.1235287,
00802, 00802, 0.000008, 0.000014, 0.001620, 0.993749, 0.004609, 0, 1575422630.1546423,
00803, 00803, 0.000002, 0.000181, 0.999780, 0.000025, 0.000012, 1, 1575422657.666816,
00804, 00804, 0.000004, 0.000043, 0.999593, 0.000243, 0.000117, 1, 1575422680.2431495,
00805, 00805, 0.000002, 0.000056, 0.999905, 0.000028, 0.000009, 1, 1575422703.0871077,
00806, 00806, 0.000002, 0.000028, 0.999882, 0.000058, 0.000031, 1, 1575422725.2525043,
00807, 00807, 0.000003, 0.000027, 0.999787, 0.000119, 0.000064, 1, 1575422747.035851,
00808, 00808, 0.000003, 0.000027, 0.999792, 0.000111, 0.000067, 1, 1575422770.4505053,
00809, 00809, 0.000002, 0.000031, 0.999911, 0.000037, 0.000019, 1, 1575422794.6354153,
00810, 00810, 0.000016, 0.000062, 0.998409, 0.001205, 0.000308, 1, 1575422820.3487935,
00811, 00811, 0.000002, 0.000030, 0.999909, 0.000040, 0.000019, 1, 1575422843.137947,
00812, 00812, 0.000002, 0.000030, 0.999817, 0.000103, 0.000047, 1, 1575422866.2752843,
00813, 00813, 0.000006, 0.000036, 0.998508, 0.000981, 0.000468, 1, 1575422888.6949427,
00814, 00814, 0.000002, 0.000031, 0.999903, 0.000044, 0.000020, 1, 1575422911.7870114,
00815, 00815, 0.000003, 0.000027, 0.999816, 0.000101, 0.000054, 1, 1575422935.918896,
00816, 00816, 0.000002, 0.000032, 0.999909, 0.000040, 0.000018, 1, 1575422957.9952168,
00817, 00817, 0.000016, 0.000063, 0.988478, 0.008733, 0.002709, 1, 1575422979.898084,
00818, 00818, 0.000012, 0.000054, 0.994265, 0.004155, 0.001515, 1, 1575423001.9264972,
00819, 00819, 0.000002, 0.000034, 0.999908, 0.000038, 0.000019, 1, 1575423023.4418066,
00820, 00820, 0.000004, 0.000032, 0.999753, 0.000153, 0.000058, 1, 1575423044.620029,
00821, 00821, 0.000002, 0.000032, 0.999873, 0.000065, 0.000028, 1, 1575423067.5060384,
00822, 00822, 0.000002, 0.000028, 0.999879, 0.000061, 0.000030, 1, 1575423089.6812656,
00823, 00823, 0.000003, 0.000029, 0.999830, 0.000096, 0.000042, 1, 1575423112.4346437,
00824, 00824, 0.000002, 0.000038, 0.999912, 0.000035, 0.000015, 1, 1575423134.4730272,
00825, 00825, 0.000002, 0.000039, 0.999909, 0.000036, 0.000014, 1, 1575423157.782016,
00826, 00826, 0.000002, 0.000048, 0.999907, 0.000034, 0.000010, 1, 1575423190.6632094,
00827, 00827, 0.000005, 0.000059, 0.999835, 0.000054, 0.000046, 1, 1575423215.3205776,
00828, 00828, 0.000003, 0.000037, 0.999846, 0.000087, 0.000026, 1, 1575423238.852285,
00829, 00829, 0.000004, 0.000029, 0.999798, 0.000114, 0.000055, 1, 1575423262.8869643,
00830, 00830, 0.000005, 0.000032, 0.999085, 0.000578, 0.000299, 1, 1575423285.4197905,
00831, 00831, 0.000002, 0.000029, 0.999828, 0.000097, 0.000044, 1, 1575423308.3409464,
00832, 00832, 0.000076, 0.000243, 0.135915, 0.862212, 0.001554, 0, 1575423332.2861137,
00833, 00833, 0.000005, 0.000033, 0.999403, 0.000389, 0.000171, 1, 1575423357.4912324,
00834, 00834, 0.000002, 0.000032, 0.999887, 0.000058, 0.000021, 1, 1575423379.1415164,
00835, 00835, 0.000003, 0.000029, 0.999796, 0.000116, 0.000055, 1, 1575423402.290696,
00836, 00836, 0.000003, 0.000029, 0.999727, 0.000163, 0.000078, 1, 1575423425.35637,
00837, 00837, 0.000002, 0.000028, 0.999863, 0.000072, 0.000035, 1, 1575423449.5681226,
00838, 00838, 0.000040, 0.000099, 0.093075, 0.881355, 0.025431, 0, 1575423472.2542303,
00839, 00839, 0.000004, 0.000033, 0.999537, 0.000294, 0.000133, 1, 1575423496.0232198,
00840, 00840, 0.000005, 0.000038, 0.999204, 0.000523, 0.000229, 1, 1575423519.668343,
00841, 00841, 0.000013, 0.000061, 0.992613, 0.005617, 0.001696, 1, 1575423542.7004223,
00842, 00842, 0.000028, 0.000112, 0.954360, 0.038223, 0.007276, 1, 1575423565.3642387,
00843, 00843, 0.000002, 0.000032, 0.999914, 0.000035, 0.000017, 1, 1575423587.7230277,
00844, 00844, 0.000002, 0.000034, 0.999910, 0.000038, 0.000015, 1, 1575423612.6109915,
00845, 00845, 0.000001, 0.000049, 0.999907, 0.000029, 0.000013, 1, 1575423636.0470703,
00846, 00846, 0.000003, 0.000029, 0.999817, 0.000104, 0.000048, 1, 1575423658.313189,
00847, 00847, 0.000004, 0.000030, 0.999516, 0.000297, 0.000153, 1, 1575423680.9369528,
00848, 00848, 0.000003, 0.000030, 0.999806, 0.000101, 0.000060, 1, 1575423705.0953517,
00849, 00849, 0.000002, 0.000056, 0.999915, 0.000019, 0.000009, 1, 1575423730.1891227,
00850, 00850, 0.000004, 0.000033, 0.999802, 0.000117, 0.000043, 1, 1575423754.3941398,
00851, 00851, 0.000003, 0.000279, 0.999662, 0.000038, 0.000017, 1, 1575423779.3801088,
00852, 00852, 0.000004, 0.000028, 0.999576, 0.000256, 0.000136, 1, 1575423803.3673487,
00853, 00853, 0.000006, 0.000049, 0.998544, 0.001067, 0.000333, 1, 1575423827.2274892,
00854, 00854, 0.000010, 0.000057, 0.996059, 0.002955, 0.000920, 1, 1575423852.0584793,
00855, 00855, 0.000002, 0.000032, 0.999911, 0.000036, 0.000019, 1, 1575423878.6096792,
00856, 00856, 0.000003, 0.000111, 0.999835, 0.000040, 0.000011, 1, 1575423903.2037578,
00857, 00857, 0.000002, 0.000042, 0.999902, 0.000042, 0.000013, 1, 1575423929.3549435,
00858, 00858, 0.000002, 0.000029, 0.999897, 0.000048, 0.000024, 1, 1575423953.0826461,
00859, 00859, 0.000004, 0.000031, 0.999479, 0.000323, 0.000163, 1, 1575423976.1345491,
00860, 00860, 0.000007, 0.000038, 0.998242, 0.001206, 0.000506, 1, 1575424002.7302272,
00861, 00861, 0.000028, 0.000112, 0.953449, 0.039125, 0.007286, 1, 1575424026.6906464,
00862, 00862, 0.000002, 0.000037, 0.999912, 0.000034, 0.000016, 1, 1575424051.5822754,
00863, 00863, 0.000016, 0.000071, 0.987441, 0.009842, 0.002630, 1, 1575424075.8027234,
00864, 00864, 0.000001, 0.000044, 0.999916, 0.000027, 0.000012, 1, 1575424111.058214,
00865, 00865, 0.000015, 0.000066, 0.989808, 0.007838, 0.002273, 1, 1575424151.292601,
00866, 00866, 0.000001, 0.000047, 0.999913, 0.000028, 0.000010, 1, 1575424187.30417,
00867, 00867, 0.000004, 0.000035, 0.999818, 0.000109, 0.000034, 1, 1575424261.9993532,
00868, 00868, 0.000002, 0.000036, 0.999852, 0.000085, 0.000025, 1, 1575424338.1067145,
00869, 00869, 0.000005, 0.000033, 0.999225, 0.000494, 0.000243, 1, 1575424420.3232534,
00870, 00870, 0.000005, 0.000033, 0.999006, 0.000642, 0.000313, 1, 1575424973.50422,
00871, 00871, 0.000007, 0.000042, 0.998495, 0.001058, 0.000398, 1, 1575425827.3213346,
