process_num, iter_num, probability_1, probability_2, probability_3, probability_4, probability_5, is_correct, time,
00000, 00000, 0.000005, 0.000051, 0.999630, 0.000245, 0.000069, 1, 1575408240.5141377,
00000, 00001, 0.000005, 0.000050, 0.999622, 0.000252, 0.000071, 1, 1575408244.9986386,
00000, 00002, 0.000005, 0.000051, 0.999606, 0.000264, 0.000074, 1, 1575408250.0471523,
00000, 00003, 0.000005, 0.000050, 0.999716, 0.000179, 0.000050, 1, 1575408254.7797294,
00000, 00004, 0.000005, 0.000050, 0.999628, 0.000247, 0.000069, 1, 1575408259.1352122,
00000, 00005, 0.000005, 0.000050, 0.999720, 0.000176, 0.000049, 1, 1575408263.8498013,
00000, 00006, 0.000004, 0.000051, 0.999738, 0.000162, 0.000045, 1, 1575408268.83596,
00000, 00007, 0.000005, 0.000050, 0.999611, 0.000260, 0.000073, 1, 1575408273.0932302,
00000, 00008, 0.000005, 0.000051, 0.999637, 0.000240, 0.000067, 1, 1575408277.9740107,
00000, 00009, 0.000005, 0.000050, 0.999711, 0.000183, 0.000051, 1, 1575408282.8741822,
00000, 00010, 0.000005, 0.000051, 0.999683, 0.000204, 0.000057, 1, 1575408287.7289765,
00000, 00011, 0.000005, 0.000051, 0.999625, 0.000249, 0.000070, 1, 1575408293.1118252,
00000, 00012, 0.000006, 0.000052, 0.999334, 0.000477, 0.000131, 1, 1575408298.2495155,
00000, 00013, 0.000004, 0.000051, 0.999742, 0.000158, 0.000044, 1, 1575408303.2763965,
00000, 00014, 0.000005, 0.000051, 0.999550, 0.000308, 0.000086, 1, 1575408308.5748074,
00000, 00015, 0.000005, 0.000051, 0.999697, 0.000193, 0.000054, 1, 1575408313.559896,
00000, 00016, 0.000005, 0.000050, 0.999688, 0.000200, 0.000056, 1, 1575408318.3653796,
00000, 00017, 0.000004, 0.000051, 0.999762, 0.000143, 0.000040, 1, 1575408323.081149,
00000, 00018, 0.000007, 0.000054, 0.999009, 0.000737, 0.000194, 1, 1575408328.5057874,
00000, 00019, 0.000008, 0.000058, 0.998536, 0.001117, 0.000282, 1, 1575408334.3127358,
00000, 00020, 0.000005, 0.000051, 0.999662, 0.000221, 0.000062, 1, 1575408339.4298291,
00000, 00021, 0.000005, 0.000051, 0.999658, 0.000224, 0.000063, 1, 1575408344.7792938,
00000, 00022, 0.000005, 0.000051, 0.999629, 0.000246, 0.000069, 1, 1575408350.054667,
00000, 00023, 0.000009, 0.000073, 0.999723, 0.000151, 0.000044, 1, 1575408356.2355793,
00000, 00024, 0.000003, 0.000044, 0.999888, 0.000049, 0.000016, 1, 1575408360.088846,
00000, 00025, 0.000011, 0.000048, 0.997945, 0.001556, 0.000441, 1, 1575408363.8355243,
00000, 00026, 0.000003, 0.000032, 0.999847, 0.000084, 0.000033, 1, 1575408367.4703522,
00000, 00027, 0.000002, 0.000037, 0.999910, 0.000037, 0.000013, 1, 1575408373.1591651,
00000, 00028, 0.000005, 0.000038, 0.999414, 0.000418, 0.000125, 1, 1575408377.0791867,
00000, 00029, 0.000006, 0.000052, 0.999527, 0.000325, 0.000090, 1, 1575408381.773657,
00000, 00030, 0.000005, 0.000050, 0.999733, 0.000166, 0.000046, 1, 1575408386.83021,
00000, 00031, 0.000004, 0.000039, 0.999767, 0.000148, 0.000042, 1, 1575408392.089417,
00000, 00032, 0.000005, 0.000051, 0.999636, 0.000241, 0.000067, 1, 1575408397.0533605,
00000, 00033, 0.000002, 0.000054, 0.999895, 0.000039, 0.000010, 1, 1575408402.5346398,
00000, 00034, 0.000010, 0.000059, 0.996722, 0.002612, 0.000597, 1, 1575408407.060217,
00000, 00035, 0.000011, 0.000062, 0.995992, 0.003229, 0.000706, 1, 1575408411.3668735,
00000, 00036, 0.000008, 0.000054, 0.997822, 0.001696, 0.000419, 1, 1575408415.4893625,
00000, 00037, 0.000005, 0.000051, 0.999737, 0.000162, 0.000045, 1, 1575408421.2809556,
00000, 00038, 0.000009, 0.000058, 0.997067, 0.002323, 0.000543, 1, 1575408425.6720014,
00000, 00039, 0.000002, 0.000047, 0.999891, 0.000048, 0.000013, 1, 1575408431.308433,
00000, 00040, 0.000011, 0.000065, 0.995428, 0.003706, 0.000790, 1, 1575408435.6969535,
00000, 00041, 0.000010, 0.000060, 0.996478, 0.002818, 0.000634, 1, 1575408440.0921571,
00000, 00042, 0.000003, 0.000037, 0.999821, 0.000108, 0.000030, 1, 1575408444.7605946,
00000, 00043, 0.000002, 0.000040, 0.999871, 0.000069, 0.000019, 1, 1575408449.1707776,
00000, 00044, 0.000003, 0.000037, 0.999809, 0.000118, 0.000033, 1, 1575408453.6494393,
00000, 00045, 0.000004, 0.000039, 0.999655, 0.000236, 0.000066, 1, 1575408458.670452,
00000, 00046, 0.000009, 0.000056, 0.997350, 0.002088, 0.000497, 1, 1575408463.0403218,
00000, 00047, 0.000008, 0.000053, 0.997944, 0.001598, 0.000397, 1, 1575408467.7708201,
00000, 00048, 0.000003, 0.000040, 0.999672, 0.000223, 0.000062, 1, 1575408472.2931175,
00000, 00049, 0.000004, 0.000040, 0.999774, 0.000142, 0.000040, 1, 1575408477.245609,
00000, 00050, 0.000008, 0.000056, 0.998744, 0.000949, 0.000244, 1, 1575408483.8266103,
00000, 00051, 0.000005, 0.000051, 0.999593, 0.000274, 0.000076, 1, 1575408490.2977815,
00000, 00052, 0.000044, 0.000227, 0.916734, 0.077487, 0.005508, 1, 1575408496.6570842,
00000, 00053, 0.000002, 0.000048, 0.999891, 0.000047, 0.000012, 1, 1575408502.3313828,
00000, 00054, 0.000004, 0.000052, 0.999747, 0.000154, 0.000043, 1, 1575408508.6371233,
00000, 00055, 0.000005, 0.000051, 0.999699, 0.000191, 0.000054, 1, 1575408514.4863267,
00000, 00056, 0.000021, 0.004720, 0.995134, 0.000096, 0.000030, 1, 1575408519.000076,
00000, 00057, 0.000003, 0.000051, 0.999901, 0.000034, 0.000011, 1, 1575408522.5331748,
00000, 00058, 0.000002, 0.000051, 0.999908, 0.000029, 0.000010, 1, 1575408526.8203104,
00000, 00059, 0.000003, 0.000032, 0.999852, 0.000083, 0.000030, 1, 1575408531.3762863,
00000, 00060, 0.000004, 0.000036, 0.999702, 0.000198, 0.000060, 1, 1575408536.843461,
00000, 00061, 0.000004, 0.000038, 0.999645, 0.000242, 0.000072, 1, 1575408541.2497966,
00000, 00062, 0.000005, 0.000051, 0.999612, 0.000259, 0.000073, 1, 1575408546.8221974,
00000, 00063, 0.000005, 0.000051, 0.999701, 0.000190, 0.000053, 1, 1575408552.7432384,
00000, 00064, 0.000004, 0.000040, 0.999729, 0.000178, 0.000050, 1, 1575408558.0123603,
00000, 00065, 0.000042, 0.000219, 0.923949, 0.070581, 0.005209, 1, 1575408564.6268258,
00000, 00066, 0.000003, 0.000037, 0.999815, 0.000114, 0.000032, 1, 1575408569.69667,
00000, 00067, 0.000003, 0.000037, 0.999804, 0.000122, 0.000035, 1, 1575408575.0338955,
00000, 00068, 0.000003, 0.000037, 0.999792, 0.000131, 0.000037, 1, 1575408580.5614073,
00000, 00069, 0.000003, 0.000038, 0.999840, 0.000094, 0.000026, 1, 1575408586.0879533,
00000, 00070, 0.000003, 0.000037, 0.999827, 0.000104, 0.000029, 1, 1575408591.4627848,
00000, 00071, 0.000003, 0.000037, 0.999824, 0.000106, 0.000030, 1, 1575408597.0068421,
00000, 00072, 0.000003, 0.000037, 0.999818, 0.000111, 0.000031, 1, 1575408602.3171492,
00000, 00073, 0.000005, 0.000051, 0.999720, 0.000175, 0.000049, 1, 1575408608.3070555,
00000, 00074, 0.000002, 0.000040, 0.999853, 0.000082, 0.000022, 1, 1575408613.4360478,
00000, 00075, 0.000003, 0.000037, 0.999821, 0.000109, 0.000030, 1, 1575408620.107386,
00000, 00076, 0.000003, 0.000037, 0.999814, 0.000114, 0.000032, 1, 1575408625.5703588,
00000, 00077, 0.000003, 0.000037, 0.999826, 0.000104, 0.000029, 1, 1575408630.9318347,
00000, 00078, 0.000005, 0.000050, 0.999706, 0.000187, 0.000052, 1, 1575408637.4875176,
00000, 00079, 0.000003, 0.000037, 0.999824, 0.000106, 0.000030, 1, 1575408642.8865397,
00000, 00080, 0.000005, 0.000051, 0.999663, 0.000220, 0.000062, 1, 1575408649.3265593,
00000, 00081, 0.000003, 0.000037, 0.999832, 0.000100, 0.000028, 1, 1575408654.2802148,
00000, 00082, 0.000003, 0.000039, 0.999848, 0.000086, 0.000023, 1, 1575408659.9559019,
00000, 00083, 0.000003, 0.000037, 0.999831, 0.000101, 0.000028, 1, 1575408665.356927,
00000, 00084, 0.000003, 0.000039, 0.999854, 0.000082, 0.000023, 1, 1575408671.0626328,
00000, 00085, 0.000003, 0.000037, 0.999828, 0.000103, 0.000029, 1, 1575408676.377484,
00000, 00086, 0.000005, 0.000051, 0.999594, 0.000273, 0.000076, 1, 1575408683.0926418,
00000, 00087, 0.000003, 0.000039, 0.999848, 0.000087, 0.000024, 1, 1575408688.5358634,
00000, 00088, 0.000004, 0.000040, 0.999652, 0.000239, 0.000066, 1, 1575408695.076948,
00000, 00089, 0.000005, 0.000035, 0.999758, 0.000150, 0.000052, 1, 1575408701.7762504,
00000, 00090, 0.000003, 0.000034, 0.999849, 0.000086, 0.000027, 1, 1575408707.2507956,
00000, 00091, 0.000002, 0.000031, 0.999896, 0.000050, 0.000021, 1, 1575408713.4624286,
00000, 00092, 0.000003, 0.000034, 0.999688, 0.000206, 0.000069, 1, 1575408718.307947,
00000, 00093, 0.000004, 0.000033, 0.999682, 0.000204, 0.000076, 1, 1575408726.722417,
00000, 00094, 0.000003, 0.000037, 0.999734, 0.000175, 0.000052, 1, 1575408732.1958003,
00000, 00095, 0.000010, 0.000072, 0.997715, 0.001816, 0.000387, 1, 1575408738.2430289,
00000, 00096, 0.000008, 0.000059, 0.998573, 0.001088, 0.000272, 1, 1575408744.913724,
00000, 00097, 0.000005, 0.000051, 0.999643, 0.000235, 0.000066, 1, 1575408752.2458444,
00000, 00098, 0.000005, 0.000053, 0.999609, 0.000262, 0.000071, 1, 1575408759.186234,
00000, 00099, 0.000007, 0.000055, 0.998914, 0.000811, 0.000212, 1, 1575408766.9861975,
00000, 00100, 0.000004, 0.000051, 0.999751, 0.000151, 0.000042, 1, 1575408773.690332,
00000, 00101, 0.000005, 0.000051, 0.999718, 0.000177, 0.000050, 1, 1575408781.5734482,
00000, 00102, 0.000004, 0.000052, 0.999782, 0.000126, 0.000035, 1, 1575408788.4254334,
00000, 00103, 0.000005, 0.000050, 0.999622, 0.000252, 0.000070, 1, 1575408794.8855915,
00000, 00104, 0.000005, 0.000050, 0.999669, 0.000215, 0.000060, 1, 1575408802.2690637,
00000, 00105, 0.000008, 0.000057, 0.998601, 0.001064, 0.000270, 1, 1575408810.4071531,
00000, 00106, 0.000004, 0.000039, 0.999644, 0.000244, 0.000068, 1, 1575408816.5726051,
00000, 00107, 0.000008, 0.000057, 0.998593, 0.001070, 0.000271, 1, 1575408823.9529545,
00000, 00108, 0.000005, 0.000051, 0.999735, 0.000164, 0.000046, 1, 1575408831.5521276,
00000, 00109, 0.000005, 0.000050, 0.999659, 0.000223, 0.000063, 1, 1575408839.1730373,
00000, 00110, 0.000004, 0.000040, 0.999645, 0.000244, 0.000068, 1, 1575408845.3093472,
00000, 00111, 0.000004, 0.000040, 0.999603, 0.000276, 0.000077, 1, 1575408851.1891718,
00000, 00112, 0.000005, 0.000051, 0.999621, 0.000252, 0.000071, 1, 1575408858.7798545,
00000, 00113, 0.000005, 0.000051, 0.999721, 0.000175, 0.000049, 1, 1575408866.5748818,
00000, 00114, 0.000003, 0.000039, 0.999732, 0.000177, 0.000049, 1, 1575408872.9350686,
00000, 00115, 0.000007, 0.000054, 0.998962, 0.000774, 0.000203, 1, 1575408881.9263735,
00000, 00116, 0.000005, 0.000050, 0.999707, 0.000186, 0.000052, 1, 1575408889.5595043,
00000, 00117, 0.000005, 0.000051, 0.999640, 0.000237, 0.000067, 1, 1575408899.733843,
00000, 00118, 0.000005, 0.000052, 0.999729, 0.000168, 0.000047, 1, 1575408907.1356199,
00000, 00119, 0.000005, 0.000050, 0.999699, 0.000192, 0.000054, 1, 1575408914.9837005,
00000, 00120, 0.000005, 0.000051, 0.999659, 0.000222, 0.000062, 1, 1575408922.8605387,
00000, 00121, 0.000005, 0.000050, 0.999722, 0.000174, 0.000049, 1, 1575408930.53592,
00000, 00122, 0.000002, 0.000044, 0.999888, 0.000049, 0.000017, 1, 1575408937.4324212,
00000, 00123, 0.000004, 0.000032, 0.999732, 0.000169, 0.000063, 1, 1575408944.166504,
00000, 00124, 0.000005, 0.000038, 0.999297, 0.000487, 0.000174, 1, 1575408950.8444204,
00000, 00125, 0.000003, 0.000036, 0.999748, 0.000164, 0.000049, 1, 1575408959.4175577,
00000, 00126, 0.000003, 0.000036, 0.999765, 0.000152, 0.000044, 1, 1575408965.7651033,
00000, 00127, 0.000004, 0.000038, 0.999648, 0.000240, 0.000070, 1, 1575408971.939563,
00000, 00128, 0.000003, 0.000038, 0.999698, 0.000202, 0.000059, 1, 1575408978.7836964,
00000, 00129, 0.000004, 0.000040, 0.999506, 0.000349, 0.000101, 1, 1575408984.878506,
00000, 00130, 0.000005, 0.000051, 0.999651, 0.000229, 0.000064, 1, 1575408993.515063,
00000, 00131, 0.000004, 0.000040, 0.999748, 0.000162, 0.000046, 1, 1575409000.324282,
00000, 00132, 0.000004, 0.000040, 0.999774, 0.000143, 0.000040, 1, 1575409008.2505705,
00000, 00133, 0.000003, 0.000040, 0.999807, 0.000117, 0.000033, 1, 1575409015.4062479,
00000, 00134, 0.000003, 0.000041, 0.999848, 0.000085, 0.000023, 1, 1575409020.994753,
00000, 00135, 0.000003, 0.000039, 0.999790, 0.000131, 0.000037, 1, 1575409028.8099844,
00000, 00136, 0.000003, 0.000063, 0.999871, 0.000051, 0.000013, 1, 1575409036.581069,
00000, 00137, 0.000004, 0.000040, 0.999640, 0.000245, 0.000070, 1, 1575409044.2146382,
00000, 00138, 0.000003, 0.000041, 0.999855, 0.000079, 0.000021, 1, 1575409050.2454722,
00000, 00139, 0.000003, 0.000058, 0.999866, 0.000058, 0.000015, 1, 1575409057.8679214,
00000, 00140, 0.000003, 0.000060, 0.999868, 0.000054, 0.000014, 1, 1575409065.8507977,
00000, 00141, 0.000004, 0.000040, 0.999669, 0.000223, 0.000064, 1, 1575409073.2258248,
00000, 00142, 0.000003, 0.000062, 0.999871, 0.000051, 0.000013, 1, 1575409081.170586,
00000, 00143, 0.000003, 0.000040, 0.999842, 0.000090, 0.000025, 1, 1575409087.0447586,
00000, 00144, 0.000003, 0.000040, 0.999819, 0.000108, 0.000030, 1, 1575409094.7825801,
00000, 00145, 0.000004, 0.000040, 0.999677, 0.000217, 0.000062, 1, 1575409102.3599303,
00000, 00146, 0.000003, 0.000060, 0.999870, 0.000053, 0.000014, 1, 1575409110.2982624,
00000, 00147, 0.000004, 0.000039, 0.999761, 0.000153, 0.000043, 1, 1575409118.399706,
00000, 00148, 0.000004, 0.000040, 0.999762, 0.000152, 0.000043, 1, 1575409126.0479078,
00000, 00149, 0.000003, 0.000066, 0.999872, 0.000047, 0.000012, 1, 1575409133.9948575,
00000, 00150, 0.000004, 0.000041, 0.999741, 0.000167, 0.000047, 1, 1575409141.6024,
00000, 00151, 0.000004, 0.000040, 0.999632, 0.000252, 0.000072, 1, 1575409149.315146,
00000, 00152, 0.000003, 0.000061, 0.999871, 0.000051, 0.000014, 1, 1575409157.1642902,
00000, 00153, 0.000003, 0.000042, 0.999863, 0.000073, 0.000020, 1, 1575409163.0393875,
00000, 00154, 0.000003, 0.000040, 0.999820, 0.000107, 0.000030, 1, 1575409170.4158337,
00000, 00155, 0.000017, 0.000456, 0.989204, 0.010250, 0.000074, 1, 1575409178.6157289,
00000, 00156, 0.000002, 0.000034, 0.999868, 0.000061, 0.000034, 1, 1575409185.146843,
00000, 00157, 0.000002, 0.000031, 0.999881, 0.000061, 0.000026, 1, 1575409192.7329967,
00000, 00158, 0.000002, 0.000033, 0.999845, 0.000090, 0.000030, 1, 1575409199.3194997,
00000, 00159, 0.000003, 0.000041, 0.999761, 0.000153, 0.000041, 1, 1575409207.167614,
00000, 00160, 0.000003, 0.000040, 0.999824, 0.000104, 0.000029, 1, 1575409213.5957255,
00000, 00161, 0.000004, 0.000039, 0.999636, 0.000251, 0.000070, 1, 1575409220.6881757,
00000, 00162, 0.000004, 0.000039, 0.999669, 0.000224, 0.000063, 1, 1575409228.066029,
00000, 00163, 0.000006, 0.000047, 0.998889, 0.000834, 0.000224, 1, 1575409235.4671283,
00000, 00164, 0.000003, 0.000037, 0.999785, 0.000137, 0.000039, 1, 1575409242.1508477,
00000, 00165, 0.000004, 0.000040, 0.999759, 0.000154, 0.000044, 1, 1575409249.97713,
00000, 00166, 0.000005, 0.000052, 0.999703, 0.000189, 0.000052, 1, 1575409258.536596,
00000, 00167, 0.000018, 0.000105, 0.991666, 0.007133, 0.001078, 1, 1575409267.4082513,
00000, 00168, 0.000008, 0.000062, 0.998805, 0.000903, 0.000222, 1, 1575409276.2830465,
00000, 00169, 0.000007, 0.000059, 0.999082, 0.000679, 0.000173, 1, 1575409284.7075002,
00000, 00170, 0.000015, 0.000092, 0.994520, 0.004592, 0.000780, 1, 1575409293.9169528,
00000, 00171, 0.000004, 0.000040, 0.999703, 0.000197, 0.000056, 1, 1575409301.6522522,
00000, 00172, 0.000013, 0.000085, 0.995827, 0.003446, 0.000629, 1, 1575409309.7774796,
00000, 00173, 0.000010, 0.000073, 0.997487, 0.002010, 0.000419, 1, 1575409318.0418186,
00000, 00174, 0.000006, 0.000055, 0.999418, 0.000412, 0.000109, 1, 1575409326.3071425,
00000, 00175, 0.000010, 0.000071, 0.997772, 0.001768, 0.000380, 1, 1575409335.08172,
00000, 00176, 0.000014, 0.000090, 0.994964, 0.004202, 0.000730, 1, 1575409343.9256794,
00000, 00177, 0.000015, 0.000095, 0.993923, 0.005119, 0.000847, 1, 1575409352.813375,
00000, 00178, 0.000011, 0.000077, 0.996930, 0.002488, 0.000493, 1, 1575409361.8592856,
00000, 00179, 0.000008, 0.000062, 0.998777, 0.000926, 0.000227, 1, 1575409370.8984787,
00000, 00180, 0.000009, 0.000068, 0.998120, 0.001473, 0.000329, 1, 1575409379.8571358,
00000, 00181, 0.000017, 0.000101, 0.992801, 0.006117, 0.000965, 1, 1575409389.593993,
00000, 00182, 0.000007, 0.000060, 0.998991, 0.000752, 0.000190, 1, 1575409398.7172558,
00000, 00183, 0.000006, 0.000057, 0.999310, 0.000497, 0.000130, 1, 1575409407.8855815,
00000, 00184, 0.000004, 0.000053, 0.999728, 0.000169, 0.000046, 1, 1575409416.7316425,
00000, 00185, 0.000004, 0.000053, 0.999772, 0.000134, 0.000036, 1, 1575409425.7914484,
00000, 00186, 0.000012, 0.000081, 0.996484, 0.002874, 0.000549, 1, 1575409435.3608916,
00000, 00187, 0.000003, 0.000042, 0.999866, 0.000070, 0.000019, 1, 1575409442.2058516,
00000, 00188, 0.000008, 0.000056, 0.998828, 0.000880, 0.000229, 1, 1575409451.3909297,
00000, 00189, 0.000005, 0.000051, 0.999659, 0.000223, 0.000063, 1, 1575409460.2994022,
00000, 00190, 0.000005, 0.000051, 0.999650, 0.000229, 0.000065, 1, 1575409469.3014648,
00000, 00191, 0.000005, 0.000052, 0.999680, 0.000206, 0.000058, 1, 1575409479.7953153,
00000, 00192, 0.000005, 0.000051, 0.999615, 0.000257, 0.000072, 1, 1575409489.9111881,
00000, 00193, 0.000005, 0.000051, 0.999644, 0.000234, 0.000066, 1, 1575409499.1470463,
00000, 00194, 0.000005, 0.000051, 0.999671, 0.000214, 0.000060, 1, 1575409507.861039,
00000, 00195, 0.000008, 0.000057, 0.998534, 0.001118, 0.000283, 1, 1575409517.1028807,
00000, 00196, 0.000005, 0.000051, 0.999629, 0.000246, 0.000069, 1, 1575409525.5564792,
00000, 00197, 0.000008, 0.000057, 0.998726, 0.000964, 0.000246, 1, 1575409535.2759137,
00000, 00198, 0.000005, 0.000052, 0.999585, 0.000280, 0.000078, 1, 1575409544.82637,
00000, 00199, 0.000005, 0.000050, 0.999719, 0.000177, 0.000050, 1, 1575409554.2837188,
00000, 00200, 0.000008, 0.000057, 0.998711, 0.000976, 0.000248, 1, 1575409563.795903,
00000, 00201, 0.000009, 0.000059, 0.998414, 0.001216, 0.000303, 1, 1575409573.1354594,
00000, 00202, 0.000005, 0.000051, 0.999685, 0.000202, 0.000057, 1, 1575409582.9852784,
00000, 00203, 0.000005, 0.000051, 0.999661, 0.000221, 0.000062, 1, 1575409591.7417085,
00000, 00204, 0.000005, 0.000051, 0.999642, 0.000236, 0.000066, 1, 1575409601.5761533,
00000, 00205, 0.000005, 0.000051, 0.999731, 0.000167, 0.000047, 1, 1575409610.9490542,
00000, 00206, 0.000005, 0.000051, 0.999704, 0.000188, 0.000053, 1, 1575409620.4703627,
00000, 00207, 0.000005, 0.000050, 0.999711, 0.000183, 0.000051, 1, 1575409629.9133813,
00000, 00208, 0.000005, 0.000050, 0.999554, 0.000306, 0.000085, 1, 1575409638.7948081,
00000, 00209, 0.000005, 0.000051, 0.999657, 0.000224, 0.000063, 1, 1575409647.8194308,
00000, 00210, 0.000005, 0.000051, 0.999642, 0.000236, 0.000066, 1, 1575409656.9109893,
00000, 00211, 0.000002, 0.000040, 0.999901, 0.000040, 0.000017, 1, 1575409666.1511788,
00000, 00212, 0.000003, 0.000030, 0.999716, 0.000176, 0.000075, 1, 1575409673.5863867,
00000, 00213, 0.000009, 0.000042, 0.999121, 0.000619, 0.000209, 1, 1575409681.9414587,
00000, 00214, 0.000006, 0.000051, 0.999427, 0.000403, 0.000112, 1, 1575409691.8509605,
00000, 00215, 0.000004, 0.000040, 0.999706, 0.000197, 0.000054, 1, 1575409700.46219,
00000, 00216, 0.000003, 0.000040, 0.999781, 0.000139, 0.000037, 1, 1575409709.319301,
00000, 00217, 0.000003, 0.000036, 0.999772, 0.000147, 0.000042, 1, 1575409717.010221,
00000, 00218, 0.000005, 0.000053, 0.999696, 0.000193, 0.000053, 1, 1575409727.0948648,
00000, 00219, 0.000005, 0.000050, 0.999657, 0.000225, 0.000063, 1, 1575409735.9311218,
00000, 00220, 0.000005, 0.000051, 0.999657, 0.000224, 0.000063, 1, 1575409747.3927805,
00000, 00221, 0.000005, 0.000051, 0.999722, 0.000174, 0.000049, 1, 1575409757.0382779,
00000, 00222, 0.000005, 0.000051, 0.999647, 0.000232, 0.000065, 1, 1575409766.6167684,
00000, 00223, 0.000005, 0.000051, 0.999614, 0.000258, 0.000072, 1, 1575409775.8522072,
00000, 00224, 0.000005, 0.000051, 0.999630, 0.000245, 0.000069, 1, 1575409785.3128448,
00000, 00225, 0.000005, 0.000051, 0.999609, 0.000261, 0.000073, 1, 1575409794.8378215,
00000, 00226, 0.000005, 0.000050, 0.999717, 0.000178, 0.000050, 1, 1575409804.2917774,
00000, 00227, 0.000005, 0.000051, 0.999672, 0.000212, 0.000060, 1, 1575409813.9434621,
00000, 00228, 0.000005, 0.000051, 0.999725, 0.000171, 0.000048, 1, 1575409823.0244775,
00000, 00229, 0.000005, 0.000051, 0.999668, 0.000216, 0.000061, 1, 1575409832.5282648,
00000, 00230, 0.000005, 0.000052, 0.999575, 0.000288, 0.000080, 1, 1575409841.8727806,
00000, 00231, 0.000005, 0.000052, 0.999580, 0.000284, 0.000079, 1, 1575409851.4982877,
00000, 00232, 0.000005, 0.000051, 0.999658, 0.000223, 0.000063, 1, 1575409861.1913507,
00000, 00233, 0.000005, 0.000051, 0.999600, 0.000269, 0.000075, 1, 1575409870.83701,
00000, 00234, 0.000005, 0.000050, 0.999697, 0.000194, 0.000054, 1, 1575409880.9194977,
00000, 00235, 0.000004, 0.000051, 0.999747, 0.000155, 0.000043, 1, 1575409890.555155,
00000, 00236, 0.000004, 0.000051, 0.999756, 0.000147, 0.000041, 1, 1575409900.1532826,
00000, 00237, 0.000005, 0.000051, 0.999692, 0.000197, 0.000056, 1, 1575409909.8359392,
00000, 00238, 0.000004, 0.000051, 0.999749, 0.000153, 0.000043, 1, 1575409919.3909876,
00000, 00239, 0.000004, 0.000040, 0.999655, 0.000234, 0.000067, 1, 1575409928.2927258,
00000, 00240, 0.000005, 0.000051, 0.999695, 0.000195, 0.000055, 1, 1575409937.6984234,
00000, 00241, 0.000003, 0.000039, 0.999772, 0.000144, 0.000041, 1, 1575409946.5511596,
00000, 00242, 0.000004, 0.000051, 0.999755, 0.000148, 0.000041, 1, 1575409956.3588817,
00000, 00243, 0.000005, 0.000050, 0.999702, 0.000190, 0.000053, 1, 1575409966.037164,
00000, 00244, 0.000012, 0.000058, 0.998484, 0.001147, 0.000299, 1, 1575409974.6432474,
00000, 00245, 0.000005, 0.000044, 0.999847, 0.000077, 0.000026, 1, 1575409985.0212011,
00000, 00246, 0.000004, 0.000039, 0.999399, 0.000427, 0.000130, 1, 1575409995.345907,
00000, 00247, 0.000002, 0.000053, 0.999889, 0.000044, 0.000012, 1, 1575410003.9646192,
00000, 00248, 0.000003, 0.000037, 0.999810, 0.000117, 0.000033, 1, 1575410013.6054976,
00000, 00249, 0.000003, 0.000039, 0.999821, 0.000107, 0.000030, 1, 1575410022.5565872,
00000, 00250, 0.000003, 0.000040, 0.999703, 0.000200, 0.000055, 1, 1575410030.881407,
00000, 00251, 0.000006, 0.000052, 0.999480, 0.000362, 0.000100, 1, 1575410041.0075908,
00000, 00252, 0.000004, 0.000052, 0.999766, 0.000139, 0.000039, 1, 1575410051.8009162,
00000, 00253, 0.000004, 0.000051, 0.999737, 0.000162, 0.000045, 1, 1575410062.1226041,
00000, 00254, 0.000003, 0.000037, 0.999793, 0.000130, 0.000037, 1, 1575410071.0986934,
00000, 00255, 0.000003, 0.000037, 0.999797, 0.000127, 0.000036, 1, 1575410079.5300634,
00000, 00256, 0.000003, 0.000037, 0.999814, 0.000114, 0.000032, 1, 1575410088.0581195,
00000, 00257, 0.000003, 0.000037, 0.999810, 0.000117, 0.000033, 1, 1575410096.8534634,
00000, 00258, 0.000003, 0.000038, 0.999830, 0.000101, 0.000028, 1, 1575410105.7377532,
00000, 00259, 0.000003, 0.000037, 0.999808, 0.000119, 0.000033, 1, 1575410114.25179,
00000, 00260, 0.000003, 0.000037, 0.999818, 0.000111, 0.000031, 1, 1575410123.308366,
00000, 00261, 0.000003, 0.000037, 0.999798, 0.000126, 0.000036, 1, 1575410131.9264257,
00000, 00262, 0.000003, 0.000038, 0.999826, 0.000105, 0.000029, 1, 1575410141.126562,
00000, 00263, 0.000003, 0.000037, 0.999795, 0.000129, 0.000036, 1, 1575410150.2345395,
00000, 00264, 0.000003, 0.000038, 0.999840, 0.000093, 0.000026, 1, 1575410159.7741175,
00000, 00265, 0.000003, 0.000037, 0.999809, 0.000118, 0.000033, 1, 1575410169.2615666,
00000, 00266, 0.000003, 0.000037, 0.999806, 0.000120, 0.000034, 1, 1575410178.641886,
00000, 00267, 0.000003, 0.000037, 0.999817, 0.000112, 0.000031, 1, 1575410187.7308006,
00000, 00268, 0.000003, 0.000037, 0.999792, 0.000131, 0.000037, 1, 1575410197.4071076,
00000, 00269, 0.000003, 0.000036, 0.999774, 0.000145, 0.000041, 1, 1575410206.6462898,
00000, 00270, 0.000003, 0.000038, 0.999831, 0.000100, 0.000028, 1, 1575410215.874835,
00000, 00271, 0.000003, 0.000037, 0.999807, 0.000120, 0.000034, 1, 1575410224.8483245,
00000, 00272, 0.000003, 0.000037, 0.999793, 0.000131, 0.000037, 1, 1575410234.1903696,
00000, 00273, 0.000003, 0.000037, 0.999822, 0.000108, 0.000030, 1, 1575410243.2171943,
00000, 00274, 0.000003, 0.000037, 0.999819, 0.000110, 0.000031, 1, 1575410252.068321,
00000, 00275, 0.000003, 0.000036, 0.999765, 0.000152, 0.000043, 1, 1575410261.468961,
00000, 00276, 0.000003, 0.000038, 0.999828, 0.000103, 0.000028, 1, 1575410270.7560713,
00000, 00277, 0.000017, 0.000074, 0.998616, 0.001046, 0.000247, 1, 1575410280.796818,
00000, 00278, 0.000015, 0.000078, 0.995240, 0.003902, 0.000766, 1, 1575410293.9453447,
00000, 00279, 0.000004, 0.000031, 0.999591, 0.000260, 0.000114, 1, 1575410306.9820118,
00000, 00280, 0.000002, 0.000034, 0.999866, 0.000074, 0.000024, 1, 1575410316.5309281,
00000, 00281, 0.000002, 0.000067, 0.999889, 0.000033, 0.000009, 1, 1575410326.2394028,
00000, 00282, 0.000008, 0.000046, 0.997982, 0.001512, 0.000453, 1, 1575410337.0581045,
00000, 00283, 0.000004, 0.000041, 0.999628, 0.000254, 0.000073, 1, 1575410346.9103532,
00000, 00284, 0.000004, 0.000052, 0.999754, 0.000149, 0.000041, 1, 1575410358.3961945,
00000, 00285, 0.000003, 0.000037, 0.999796, 0.000128, 0.000036, 1, 1575410367.9304152,
00000, 00286, 0.000004, 0.000039, 0.999757, 0.000156, 0.000044, 1, 1575410378.1424057,
00000, 00287, 0.000004, 0.000054, 0.999764, 0.000140, 0.000038, 1, 1575410389.10438,
00000, 00288, 0.000005, 0.000053, 0.999685, 0.000202, 0.000055, 1, 1575410400.0816123,
00000, 00289, 0.000018, 0.000106, 0.991686, 0.007116, 0.001075, 1, 1575410411.0190406,
00000, 00290, 0.000014, 0.000090, 0.995013, 0.004158, 0.000725, 1, 1575410422.0948524,
00000, 00291, 0.000004, 0.000053, 0.999750, 0.000151, 0.000041, 1, 1575410433.1349416,
00000, 00292, 0.000004, 0.000053, 0.999744, 0.000156, 0.000043, 1, 1575410443.8251107,
00000, 00293, 0.000013, 0.000085, 0.995848, 0.003428, 0.000627, 1, 1575410454.7728794,
00000, 00294, 0.000004, 0.000054, 0.999795, 0.000115, 0.000031, 1, 1575410465.6739545,
00000, 00295, 0.000005, 0.000052, 0.999668, 0.000216, 0.000059, 1, 1575410476.4575317,
00000, 00296, 0.000013, 0.000083, 0.996145, 0.003168, 0.000591, 1, 1575410487.6754158,
00000, 00297, 0.000011, 0.000076, 0.997194, 0.002261, 0.000458, 1, 1575410499.0482569,
00000, 00298, 0.000005, 0.000053, 0.999657, 0.000224, 0.000061, 1, 1575410510.5026984,
00000, 00299, 0.000004, 0.000053, 0.999759, 0.000145, 0.000039, 1, 1575410521.7919648,
00000, 00300, 0.000004, 0.000053, 0.999758, 0.000145, 0.000040, 1, 1575410533.2545826,
00000, 00301, 0.000012, 0.000078, 0.996835, 0.002570, 0.000505, 1, 1575410544.8870513,
00000, 00302, 0.000005, 0.000053, 0.999708, 0.000184, 0.000050, 1, 1575410555.8428636,
00000, 00303, 0.000005, 0.000054, 0.999612, 0.000259, 0.000070, 1, 1575410567.1207433,
00000, 00304, 0.000008, 0.000064, 0.998579, 0.001089, 0.000259, 1, 1575410578.4287014,
00000, 00305, 0.000012, 0.000081, 0.996270, 0.003059, 0.000577, 1, 1575410589.3100514,
00000, 00306, 0.000012, 0.000081, 0.996341, 0.002998, 0.000568, 1, 1575410600.1465697,
00000, 00307, 0.000012, 0.000081, 0.996412, 0.002936, 0.000559, 1, 1575410611.3761098,
00000, 00308, 0.000014, 0.000088, 0.995238, 0.003961, 0.000699, 1, 1575410622.865078,
00000, 00309, 0.000005, 0.000053, 0.999699, 0.000192, 0.000052, 1, 1575410634.3309166,
00000, 00310, 0.000009, 0.000072, 0.999783, 0.000105, 0.000030, 1, 1575410644.4338808,
00000, 00311, 0.000006, 0.000039, 0.999701, 0.000187, 0.000066, 1, 1575410655.3460996,
00000, 00312, 0.000005, 0.000035, 0.999701, 0.000192, 0.000067, 1, 1575410665.2943857,
00000, 00313, 0.000004, 0.000036, 0.999634, 0.000249, 0.000078, 1, 1575410675.4182072,
00000, 00314, 0.000004, 0.000037, 0.999635, 0.000248, 0.000076, 1, 1575410686.8324022,
00000, 00315, 0.000011, 0.000063, 0.998046, 0.001515, 0.000364, 1, 1575410700.7253246,
00000, 00316, 0.000005, 0.000054, 0.999722, 0.000172, 0.000047, 1, 1575410712.7955465,
00000, 00317, 0.000039, 0.000207, 0.940079, 0.055286, 0.004389, 1, 1575410724.7295303,
00000, 00318, 0.000003, 0.000042, 0.999861, 0.000074, 0.000020, 1, 1575410734.8618324,
00000, 00319, 0.000005, 0.000039, 0.999536, 0.000324, 0.000096, 1, 1575410746.0895169,
00000, 00320, 0.000005, 0.000054, 0.999576, 0.000287, 0.000078, 1, 1575410758.4540467,
00000, 00321, 0.000013, 0.000085, 0.995887, 0.003394, 0.000621, 1, 1575410770.3671777,
00000, 00322, 0.000004, 0.000051, 0.999743, 0.000157, 0.000044, 1, 1575410782.1894262,
00000, 00323, 0.000018, 0.000096, 0.984110, 0.013606, 0.002169, 1, 1575410793.2222216,
00000, 00324, 0.000004, 0.000042, 0.999528, 0.000334, 0.000092, 1, 1575410804.424092,
00000, 00325, 0.000004, 0.000053, 0.999762, 0.000142, 0.000039, 1, 1575410816.5006359,
00000, 00326, 0.000004, 0.000040, 0.999679, 0.000216, 0.000061, 1, 1575410827.5100682,
00000, 00327, 0.000005, 0.000051, 0.999695, 0.000195, 0.000054, 1, 1575410839.910504,
00000, 00328, 0.000003, 0.000039, 0.999844, 0.000090, 0.000024, 1, 1575410851.3588607,
00000, 00329, 0.000003, 0.000054, 0.999853, 0.000070, 0.000019, 1, 1575410863.3332415,
00000, 00330, 0.000003, 0.000058, 0.999866, 0.000058, 0.000015, 1, 1575410875.2677758,
00000, 00331, 0.000016, 0.000100, 0.993199, 0.005764, 0.000921, 1, 1575410887.7148228,
00000, 00332, 0.000004, 0.000040, 0.999743, 0.000166, 0.000047, 1, 1575410899.0269055,
00000, 00333, 0.000004, 0.000041, 0.999706, 0.000194, 0.000055, 1, 1575410910.0254507,
00000, 00334, 0.000014, 0.000089, 0.995236, 0.003964, 0.000697, 1, 1575410921.769804,
00000, 00335, 0.000004, 0.000054, 0.999770, 0.000134, 0.000037, 1, 1575410934.3624537,
00000, 00336, 0.000004, 0.000050, 0.999734, 0.000165, 0.000046, 1, 1575410946.4529533,
00000, 00337, 0.000005, 0.000051, 0.999717, 0.000178, 0.000050, 1, 1575410958.8576343,
00000, 00338, 0.000004, 0.000040, 0.999730, 0.000176, 0.000050, 1, 1575410970.4703662,
00000, 00339, 0.000004, 0.000053, 0.999743, 0.000156, 0.000043, 1, 1575410983.1537335,
00000, 00340, 0.000012, 0.000080, 0.996642, 0.002737, 0.000529, 1, 1575410995.381822,
00000, 00341, 0.000003, 0.000057, 0.999861, 0.000062, 0.000017, 1, 1575411007.251507,
00000, 00342, 0.000005, 0.000051, 0.999712, 0.000182, 0.000050, 1, 1575411019.0800977,
00000, 00343, 0.000005, 0.000041, 0.999542, 0.000318, 0.000094, 1, 1575411028.8276072,
00000, 00344, 0.000005, 0.000041, 0.999777, 0.000134, 0.000044, 1, 1575411040.5150084,
00000, 00345, 0.000006, 0.000042, 0.999373, 0.000448, 0.000131, 1, 1575411049.95818,
00000, 00346, 0.000004, 0.000044, 0.999771, 0.000142, 0.000040, 1, 1575411062.0390124,
00000, 00347, 0.000003, 0.000041, 0.999851, 0.000082, 0.000023, 1, 1575411073.6307056,
00000, 00348, 0.000006, 0.000045, 0.999134, 0.000639, 0.000177, 1, 1575411084.5963528,
00000, 00349, 0.000011, 0.000075, 0.997210, 0.002247, 0.000457, 1, 1575411096.4153888,
00000, 00350, 0.000003, 0.000037, 0.999807, 0.000119, 0.000033, 1, 1575411107.5228496,
00000, 00351, 0.000003, 0.000037, 0.999823, 0.000107, 0.000030, 1, 1575411118.732214,
00000, 00352, 0.000004, 0.000040, 0.999726, 0.000180, 0.000051, 1, 1575411132.320726,
00000, 00353, 0.000004, 0.000040, 0.999715, 0.000188, 0.000053, 1, 1575411143.9172173,
00000, 00354, 0.000004, 0.000040, 0.999683, 0.000213, 0.000060, 1, 1575411155.5363667,
00000, 00355, 0.000003, 0.000041, 0.999853, 0.000081, 0.000022, 1, 1575411166.406853,
00000, 00356, 0.000004, 0.000040, 0.999710, 0.000192, 0.000054, 1, 1575411178.2009366,
00000, 00357, 0.000004, 0.000040, 0.999705, 0.000196, 0.000055, 1, 1575411189.6150367,
00000, 00358, 0.000003, 0.000038, 0.999826, 0.000104, 0.000029, 1, 1575411201.2966988,
00000, 00359, 0.000003, 0.000038, 0.999852, 0.000084, 0.000023, 1, 1575411212.8458548,
00000, 00360, 0.000003, 0.000037, 0.999823, 0.000107, 0.000030, 1, 1575411224.080967,
00000, 00361, 0.000003, 0.000036, 0.999783, 0.000138, 0.000040, 1, 1575411235.3054762,
00000, 00362, 0.000003, 0.000037, 0.999789, 0.000134, 0.000038, 1, 1575411247.0598185,
00000, 00363, 0.000003, 0.000042, 0.999858, 0.000076, 0.000021, 1, 1575411258.1330507,
00000, 00364, 0.000004, 0.000040, 0.999714, 0.000189, 0.000054, 1, 1575411270.0665145,
00000, 00365, 0.000003, 0.000037, 0.999818, 0.000111, 0.000031, 1, 1575411281.9129303,
00000, 00366, 0.000004, 0.000051, 0.999756, 0.000147, 0.000041, 1, 1575411294.6108313,
00000, 00367, 0.000003, 0.000041, 0.999848, 0.000085, 0.000023, 1, 1575411304.9672399,
00000, 00368, 0.000003, 0.000038, 0.999834, 0.000099, 0.000027, 1, 1575411317.157844,
00000, 00369, 0.000004, 0.000040, 0.999753, 0.000159, 0.000045, 1, 1575411330.2583697,
00000, 00370, 0.000003, 0.000041, 0.999844, 0.000088, 0.000024, 1, 1575411341.745732,
00000, 00371, 0.000003, 0.000037, 0.999791, 0.000132, 0.000037, 1, 1575411353.7166631,
00000, 00372, 0.000004, 0.000040, 0.999692, 0.000206, 0.000058, 1, 1575411365.9687731,
00000, 00373, 0.000004, 0.000040, 0.999737, 0.000171, 0.000048, 1, 1575411378.1663423,
00000, 00374, 0.000003, 0.000037, 0.999818, 0.000111, 0.000031, 1, 1575411389.4836528,
00000, 00375, 0.000003, 0.000044, 0.999870, 0.000065, 0.000018, 1, 1575411400.3059905,
00000, 00376, 0.000002, 0.000028, 0.999844, 0.000083, 0.000042, 1, 1575411411.2880952,
00000, 00377, 0.000002, 0.000029, 0.999875, 0.000065, 0.000028, 1, 1575411423.1866338,
00000, 00378, 0.000006, 0.000033, 0.999140, 0.000561, 0.000260, 1, 1575411434.9083033,
00000, 00379, 0.000001, 0.000048, 0.999913, 0.000028, 0.000009, 1, 1575411447.2621593,
00000, 00380, 0.000005, 0.000042, 0.999149, 0.000617, 0.000186, 1, 1575411459.1085443,
00000, 00381, 0.000003, 0.000037, 0.999734, 0.000177, 0.000049, 1, 1575411471.078638,
00000, 00382, 0.000005, 0.000050, 0.999692, 0.000198, 0.000056, 1, 1575411484.2038312,
00000, 00383, 0.000032, 0.000173, 0.964691, 0.032046, 0.003058, 1, 1575411499.0239484,
00000, 00384, 0.000003, 0.000037, 0.999765, 0.000152, 0.000043, 1, 1575411511.6669881,
00000, 00385, 0.000006, 0.000046, 0.998908, 0.000820, 0.000220, 1, 1575411524.252954,
00000, 00386, 0.000003, 0.000042, 0.999863, 0.000072, 0.000020, 1, 1575411535.4269042,
00000, 00387, 0.000007, 0.000049, 0.998508, 0.001139, 0.000296, 1, 1575411547.8436477,
00000, 00388, 0.000006, 0.000047, 0.998828, 0.000883, 0.000235, 1, 1575411560.9312532,
00000, 00389, 0.000003, 0.000037, 0.999822, 0.000107, 0.000030, 1, 1575411573.5151174,
00000, 00390, 0.000007, 0.000048, 0.998807, 0.000900, 0.000238, 1, 1575411585.9507277,
00000, 00391, 0.000007, 0.000050, 0.998453, 0.001185, 0.000305, 1, 1575411598.0964901,
00000, 00392, 0.000003, 0.000041, 0.999849, 0.000084, 0.000023, 1, 1575411609.241386,
00000, 00393, 0.000004, 0.000039, 0.999641, 0.000247, 0.000069, 1, 1575411621.1795897,
00000, 00394, 0.000003, 0.000041, 0.999846, 0.000087, 0.000024, 1, 1575411632.2358866,
00000, 00395, 0.000004, 0.000040, 0.999637, 0.000248, 0.000070, 1, 1575411645.5236578,
00000, 00396, 0.000007, 0.000049, 0.998606, 0.001061, 0.000278, 1, 1575411657.7834446,
00000, 00397, 0.000007, 0.000050, 0.998430, 0.001202, 0.000311, 1, 1575411669.9165545,
00000, 00398, 0.000003, 0.000040, 0.999832, 0.000098, 0.000027, 1, 1575411681.200672,
00000, 00399, 0.000003, 0.000041, 0.999847, 0.000086, 0.000024, 1, 1575411692.4624639,
00000, 00400, 0.000008, 0.000053, 0.997979, 0.001568, 0.000393, 1, 1575411704.7130594,
00000, 00401, 0.000003, 0.000038, 0.999827, 0.000103, 0.000029, 1, 1575411717.4465868,
00000, 00402, 0.000004, 0.000040, 0.999713, 0.000190, 0.000054, 1, 1575411731.4017878,
00000, 00403, 0.000003, 0.000038, 0.999827, 0.000103, 0.000029, 1, 1575411744.4407828,
00000, 00404, 0.000008, 0.000064, 0.998561, 0.001104, 0.000262, 1, 1575411758.4956155,
00000, 00405, 0.000007, 0.000049, 0.998529, 0.001122, 0.000293, 1, 1575411771.4956715,
00000, 00406, 0.000003, 0.000040, 0.999830, 0.000100, 0.000028, 1, 1575411783.1639326,
00000, 00407, 0.000009, 0.000056, 0.997390, 0.002054, 0.000491, 1, 1575411796.34788,
00000, 00408, 0.000004, 0.000040, 0.999673, 0.000220, 0.000063, 1, 1575411810.3723953,
00000, 00409, 0.000003, 0.000087, 0.999873, 0.000028, 0.000009, 1, 1575411821.7051497,
00000, 00410, 0.000005, 0.000040, 0.999733, 0.000168, 0.000053, 1, 1575411834.2467313,
00000, 00411, 0.000003, 0.000039, 0.999783, 0.000137, 0.000038, 1, 1575411849.1835048,
00000, 00412, 0.000004, 0.000070, 0.999860, 0.000052, 0.000015, 1, 1575411864.4814186,
00000, 00413, 0.000003, 0.000042, 0.999793, 0.000127, 0.000034, 1, 1575411879.023396,
00000, 00414, 0.000008, 0.000057, 0.998776, 0.000923, 0.000236, 1, 1575411893.709733,
00000, 00415, 0.000006, 0.000052, 0.999512, 0.000336, 0.000094, 1, 1575411908.191171,
00000, 00416, 0.000005, 0.000051, 0.999552, 0.000306, 0.000085, 1, 1575411922.332452,
00000, 00417, 0.000006, 0.000047, 0.998848, 0.000868, 0.000231, 1, 1575411935.2380614,
00000, 00418, 0.000005, 0.000051, 0.999709, 0.000184, 0.000052, 1, 1575411949.8359241,
00000, 00419, 0.000003, 0.000040, 0.999847, 0.000087, 0.000023, 1, 1575411963.902215,
00000, 00420, 0.000002, 0.000047, 0.999890, 0.000048, 0.000013, 1, 1575411978.2388022,
00000, 00421, 0.000002, 0.000047, 0.999890, 0.000048, 0.000013, 1, 1575411992.7335064,
00000, 00422, 0.000002, 0.000048, 0.999891, 0.000046, 0.000012, 1, 1575412007.0408158,
00000, 00423, 0.000002, 0.000048, 0.999892, 0.000046, 0.000012, 1, 1575412021.3321657,
00000, 00424, 0.000002, 0.000049, 0.999892, 0.000045, 0.000012, 1, 1575412035.664046,
00000, 00425, 0.000011, 0.000070, 0.995963, 0.003309, 0.000647, 1, 1575412049.434392,
00000, 00426, 0.000003, 0.000040, 0.999845, 0.000089, 0.000024, 1, 1575412063.3641067,
00000, 00427, 0.000005, 0.000038, 0.999523, 0.000333, 0.000102, 1, 1575412075.4344754,
00000, 00428, 0.000002, 0.000048, 0.999892, 0.000046, 0.000012, 1, 1575412090.118665,
00000, 00429, 0.000002, 0.000048, 0.999892, 0.000046, 0.000012, 1, 1575412104.887787,
00000, 00430, 0.000002, 0.000048, 0.999891, 0.000047, 0.000012, 1, 1575412119.5573554,
00000, 00431, 0.000003, 0.000041, 0.999858, 0.000078, 0.000021, 1, 1575412133.7748375,
00000, 00432, 0.000002, 0.000042, 0.999869, 0.000068, 0.000018, 1, 1575412148.3916988,
00000, 00433, 0.000003, 0.000041, 0.999854, 0.000081, 0.000022, 1, 1575412163.0052588,
00000, 00434, 0.000002, 0.000052, 0.999893, 0.000042, 0.000011, 1, 1575412177.440975,
00000, 00435, 0.000003, 0.000041, 0.999860, 0.000076, 0.000020, 1, 1575412191.4247077,
00000, 00436, 0.000003, 0.000040, 0.999832, 0.000099, 0.000027, 1, 1575412205.5839179,
00000, 00437, 0.000002, 0.000046, 0.999890, 0.000049, 0.000013, 1, 1575412220.059526,
00000, 00438, 0.000002, 0.000050, 0.999893, 0.000044, 0.000012, 1, 1575412234.617248,
00000, 00439, 0.000007, 0.000050, 0.998334, 0.001279, 0.000329, 1, 1575412248.3248549,
00000, 00440, 0.000003, 0.000041, 0.999850, 0.000084, 0.000023, 1, 1575412262.7548635,
00000, 00441, 0.000002, 0.000049, 0.999892, 0.000045, 0.000012, 1, 1575412277.8654723,
00000, 00442, 0.000001, 0.000042, 0.999918, 0.000027, 0.000012, 1, 1575412294.7987876,
00000, 00443, 0.000003, 0.000030, 0.999783, 0.000130, 0.000054, 1, 1575412309.6180146,
00000, 00444, 0.000005, 0.000040, 0.999278, 0.000518, 0.000159, 1, 1575412324.0153472,
00000, 00445, 0.000003, 0.000036, 0.999717, 0.000187, 0.000056, 1, 1575412339.7771432,
00000, 00446, 0.000004, 0.000045, 0.999799, 0.000116, 0.000035, 1, 1575412355.7526536,
00000, 00447, 0.000008, 0.000052, 0.998865, 0.000845, 0.000229, 1, 1575412369.6437292,
00000, 00448, 0.000007, 0.000054, 0.999173, 0.000604, 0.000162, 1, 1575412384.5109632,
00000, 00449, 0.000004, 0.000040, 0.999776, 0.000141, 0.000040, 1, 1575412398.8018744,
00000, 00450, 0.000004, 0.000052, 0.999748, 0.000153, 0.000043, 1, 1575412413.6198168,
00000, 00451, 0.000005, 0.000051, 0.999652, 0.000228, 0.000064, 1, 1575412428.4820466,
00000, 00452, 0.000005, 0.000043, 0.999286, 0.000521, 0.000144, 1, 1575412442.2473395,
00000, 00453, 0.000005, 0.000043, 0.999230, 0.000566, 0.000156, 1, 1575412456.5817668,
00000, 00454, 0.000008, 0.000061, 0.998854, 0.000863, 0.000214, 1, 1575412473.1421013,
00000, 00455, 0.000005, 0.000042, 0.999365, 0.000460, 0.000128, 1, 1575412486.6748712,
00000, 00456, 0.000006, 0.000044, 0.999167, 0.000615, 0.000168, 1, 1575412500.2381544,
00000, 00457, 0.000007, 0.000061, 0.998941, 0.000792, 0.000198, 1, 1575412517.9015825,
00000, 00458, 0.000007, 0.000049, 0.998480, 0.001161, 0.000302, 1, 1575412532.3705535,
00000, 00459, 0.000005, 0.000043, 0.999308, 0.000504, 0.000140, 1, 1575412547.3782833,
00000, 00460, 0.000005, 0.000043, 0.999297, 0.000512, 0.000142, 1, 1575412561.10567,
00000, 00461, 0.000005, 0.000042, 0.999344, 0.000476, 0.000132, 1, 1575412575.289423,
00000, 00462, 0.000005, 0.000043, 0.999289, 0.000519, 0.000144, 1, 1575412589.0575418,
00000, 00463, 0.000005, 0.000043, 0.999223, 0.000571, 0.000158, 1, 1575412603.128347,
00000, 00464, 0.000006, 0.000044, 0.999172, 0.000611, 0.000167, 1, 1575412616.8775392,
00000, 00465, 0.000006, 0.000045, 0.999122, 0.000650, 0.000177, 1, 1575412631.166765,
00000, 00466, 0.000008, 0.000061, 0.998864, 0.000855, 0.000212, 1, 1575412647.5788705,
00000, 00467, 0.000006, 0.000046, 0.998957, 0.000781, 0.000210, 1, 1575412661.5810342,
00000, 00468, 0.000005, 0.000043, 0.999286, 0.000522, 0.000145, 1, 1575412676.7524238,
00000, 00469, 0.000005, 0.000042, 0.999318, 0.000496, 0.000138, 1, 1575412690.9691036,
00000, 00470, 0.000005, 0.000042, 0.999327, 0.000490, 0.000136, 1, 1575412705.806382,
00000, 00471, 0.000005, 0.000043, 0.999272, 0.000533, 0.000147, 1, 1575412720.2716699,
00000, 00472, 0.000006, 0.000046, 0.999040, 0.000715, 0.000193, 1, 1575412734.0054169,
00000, 00473, 0.000005, 0.000043, 0.999214, 0.000578, 0.000159, 1, 1575412748.3233452,
00000, 00474, 0.000008, 0.000061, 0.998866, 0.000853, 0.000212, 1, 1575412764.690041,
00000, 00475, 0.000002, 0.000038, 0.999790, 0.000106, 0.000063, 1, 1575412781.3944569,
00000, 00476, 0.000002, 0.000032, 0.999819, 0.000106, 0.000040, 1, 1575412797.0700748,
00000, 00477, 0.000030, 0.000086, 0.069897, 0.911678, 0.018309, 0, 1575412811.5489616,
00001, 00000, 0.000004, 0.000037, 0.999589, 0.000278, 0.000092, 1, 1575412826.6856322,
00001, 00001, 0.000006, 0.000044, 0.998776, 0.000892, 0.000282, 1, 1575412841.8678515,
00001, 00002, 0.000004, 0.000037, 0.999602, 0.000270, 0.000088, 1, 1575412857.4748905,
00001, 00003, 0.000004, 0.000039, 0.999466, 0.000371, 0.000120, 1, 1575412872.8930416,
00001, 00004, 0.000004, 0.000038, 0.999535, 0.000320, 0.000104, 1, 1575412888.057759,
00001, 00005, 0.000004, 0.000038, 0.999524, 0.000328, 0.000106, 1, 1575412903.686022,
00001, 00006, 0.000004, 0.000038, 0.999530, 0.000322, 0.000107, 1, 1575412919.4323714,
00001, 00007, 0.000004, 0.000038, 0.999497, 0.000348, 0.000113, 1, 1575412935.4097867,
00001, 00008, 0.000003, 0.000036, 0.999678, 0.000213, 0.000070, 1, 1575412951.0726323,
00001, 00009, 0.000003, 0.000037, 0.999623, 0.000254, 0.000083, 1, 1575412966.2119155,
00001, 00010, 0.000004, 0.000039, 0.999406, 0.000415, 0.000135, 1, 1575412982.5884738,
00001, 00011, 0.000004, 0.000040, 0.999344, 0.000463, 0.000149, 1, 1575412998.2454395,
00001, 00012, 0.000004, 0.000039, 0.999404, 0.000417, 0.000136, 1, 1575413015.4645944,
00001, 00013, 0.000004, 0.000037, 0.999549, 0.000308, 0.000102, 1, 1575413031.9792972,
00001, 00014, 0.000005, 0.000043, 0.998945, 0.000763, 0.000244, 1, 1575413047.5833228,
00001, 00015, 0.000004, 0.000039, 0.999435, 0.000394, 0.000127, 1, 1575413063.2924397,
00001, 00016, 0.000003, 0.000037, 0.999623, 0.000254, 0.000083, 1, 1575413078.7255707,
00001, 00017, 0.000004, 0.000040, 0.999386, 0.000431, 0.000139, 1, 1575413094.54201,
00001, 00018, 0.000004, 0.000038, 0.999550, 0.000308, 0.000100, 1, 1575413110.6860318,
00001, 00019, 0.000004, 0.000039, 0.999435, 0.000394, 0.000128, 1, 1575413126.7422729,
00001, 00020, 0.000004, 0.000039, 0.999442, 0.000389, 0.000126, 1, 1575413142.1227534,
00001, 00021, 0.000003, 0.000035, 0.999718, 0.000184, 0.000060, 1, 1575413158.306185,
00001, 00022, 0.000004, 0.000039, 0.999464, 0.000372, 0.000121, 1, 1575413174.905487,
00001, 00023, 0.000002, 0.000038, 0.999786, 0.000109, 0.000064, 1, 1575413188.260915,
00001, 00024, 0.000003, 0.000027, 0.999794, 0.000112, 0.000064, 1, 1575413202.7119215,
00001, 00025, 0.000005, 0.000033, 0.999194, 0.000508, 0.000260, 1, 1575413218.2030003,
00001, 00026, 0.000004, 0.000033, 0.999665, 0.000215, 0.000083, 1, 1575413233.7443678,
00001, 00027, 0.000005, 0.000037, 0.999276, 0.000500, 0.000182, 1, 1575413251.7027354,
00001, 00028, 0.000001, 0.000073, 0.999890, 0.000027, 0.000008, 1, 1575413266.9989927,
00001, 00029, 0.000001, 0.000077, 0.999887, 0.000027, 0.000008, 1, 1575413281.0634995,
00001, 00030, 0.000001, 0.000088, 0.999876, 0.000027, 0.000008, 1, 1575413295.7253149,
00001, 00031, 0.000001, 0.000065, 0.999897, 0.000028, 0.000008, 1, 1575413311.6392498,
00001, 00032, 0.000001, 0.000062, 0.999899, 0.000029, 0.000008, 1, 1575413326.5839517,
00001, 00033, 0.000001, 0.000064, 0.999898, 0.000028, 0.000008, 1, 1575413342.399883,
00001, 00034, 0.000001, 0.000063, 0.999899, 0.000028, 0.000008, 1, 1575413357.13904,
00001, 00035, 0.000001, 0.000075, 0.999889, 0.000027, 0.000008, 1, 1575413372.4525785,
00001, 00036, 0.000001, 0.000055, 0.999904, 0.000031, 0.000009, 1, 1575413388.2694254,
00001, 00037, 0.000001, 0.000064, 0.999898, 0.000028, 0.000008, 1, 1575413404.0514948,
00001, 00038, 0.000001, 0.000062, 0.999900, 0.000029, 0.000008, 1, 1575413419.8174882,
00001, 00039, 0.000001, 0.000063, 0.999899, 0.000028, 0.000008, 1, 1575413434.7373633,
00001, 00040, 0.000001, 0.000067, 0.999896, 0.000028, 0.000008, 1, 1575413449.7518644,
00001, 00041, 0.000001, 0.000070, 0.999893, 0.000027, 0.000008, 1, 1575413464.92019,
00001, 00042, 0.000001, 0.000056, 0.999903, 0.000030, 0.000009, 1, 1575413480.6707704,
00001, 00043, 0.000001, 0.000066, 0.999897, 0.000028, 0.000008, 1, 1575413496.4375913,
00001, 00044, 0.000001, 0.000077, 0.999887, 0.000027, 0.000008, 1, 1575413511.7824416,
00001, 00045, 0.000001, 0.000064, 0.999898, 0.000028, 0.000008, 1, 1575413527.2578034,
00001, 00046, 0.000001, 0.000062, 0.999899, 0.000029, 0.000008, 1, 1575413542.284349,
00001, 00047, 0.000001, 0.000078, 0.999886, 0.000027, 0.000008, 1, 1575413557.5452497,
00001, 00048, 0.000001, 0.000064, 0.999898, 0.000028, 0.000008, 1, 1575413572.686081,
00001, 00049, 0.000001, 0.000076, 0.999888, 0.000027, 0.000008, 1, 1575413588.101722,
00001, 00050, 0.000001, 0.000077, 0.999887, 0.000027, 0.000008, 1, 1575413603.0117,
00001, 00051, 0.000001, 0.000076, 0.999888, 0.000027, 0.000008, 1, 1575413618.483762,
00001, 00052, 0.000001, 0.000069, 0.999894, 0.000028, 0.000008, 1, 1575413633.4753137,
00001, 00053, 0.000001, 0.000056, 0.999903, 0.000030, 0.000009, 1, 1575413648.8557127,
00001, 00054, 0.000001, 0.000068, 0.999895, 0.000028, 0.000008, 1, 1575413665.0847661,
00001, 00055, 0.000001, 0.000073, 0.999891, 0.000027, 0.000008, 1, 1575413680.9099202,
00001, 00056, 0.000004, 0.000050, 0.999883, 0.000048, 0.000015, 1, 1575413695.7759008,
00001, 00057, 0.000007, 0.000041, 0.998815, 0.000871, 0.000266, 1, 1575413711.4098003,
00001, 00058, 0.000003, 0.000031, 0.999762, 0.000147, 0.000057, 1, 1575413727.0596867,
00001, 00059, 0.000002, 0.000038, 0.999892, 0.000053, 0.000016, 1, 1575413742.5502405,
00001, 00060, 0.000002, 0.000037, 0.999880, 0.000063, 0.000019, 1, 1575413758.0472612,
00001, 00061, 0.000002, 0.000031, 0.999908, 0.000041, 0.000019, 1, 1575413774.6248162,
00001, 00062, 0.000001, 0.000054, 0.999903, 0.000032, 0.000009, 1, 1575413791.1264656,
00001, 00063, 0.000004, 0.000035, 0.999500, 0.000344, 0.000117, 1, 1575413809.2160087,
00001, 00064, 0.000002, 0.000034, 0.999872, 0.000070, 0.000022, 1, 1575413826.3115046,
00001, 00065, 0.000001, 0.000064, 0.999898, 0.000028, 0.000008, 1, 1575413842.3506355,
00001, 00066, 0.000001, 0.000056, 0.999904, 0.000031, 0.000009, 1, 1575413858.7483776,
00001, 00067, 0.000001, 0.000059, 0.999902, 0.000030, 0.000009, 1, 1575413874.9795346,
00001, 00068, 0.000001, 0.000066, 0.999897, 0.000028, 0.000008, 1, 1575413890.0050883,
00001, 00069, 0.000001, 0.000065, 0.999897, 0.000028, 0.000008, 1, 1575413905.9093597,
00001, 00070, 0.000001, 0.000065, 0.999897, 0.000028, 0.000008, 1, 1575413921.7312982,
00001, 00071, 0.000001, 0.000066, 0.999897, 0.000028, 0.000008, 1, 1575413936.6031728,
00001, 00072, 0.000001, 0.000057, 0.999903, 0.000030, 0.000009, 1, 1575413952.2978287,
00001, 00073, 0.000001, 0.000059, 0.999901, 0.000030, 0.000009, 1, 1575413968.1888216,
00001, 00074, 0.000001, 0.000056, 0.999903, 0.000030, 0.000009, 1, 1575413983.6563659,
00001, 00075, 0.000001, 0.000065, 0.999897, 0.000028, 0.000008, 1, 1575413999.7049267,
00001, 00076, 0.000001, 0.000065, 0.999897, 0.000028, 0.000008, 1, 1575414015.6156073,
00001, 00077, 0.000001, 0.000062, 0.999899, 0.000029, 0.000008, 1, 1575414031.3914177,
00001, 00078, 0.000001, 0.000064, 0.999898, 0.000028, 0.000008, 1, 1575414047.1031497,
00001, 00079, 0.000001, 0.000065, 0.999897, 0.000028, 0.000008, 1, 1575414062.9252973,
00001, 00080, 0.000001, 0.000058, 0.999902, 0.000030, 0.000009, 1, 1575414079.1618497,
00001, 00081, 0.000001, 0.000059, 0.999901, 0.000030, 0.000009, 1, 1575414095.2517204,
00001, 00082, 0.000001, 0.000059, 0.999902, 0.000030, 0.000009, 1, 1575414111.2780974,
00001, 00083, 0.000001, 0.000060, 0.999900, 0.000029, 0.000009, 1, 1575414127.2920184,
00001, 00084, 0.000001, 0.000056, 0.999903, 0.000030, 0.000009, 1, 1575414143.279269,
00001, 00085, 0.000001, 0.000066, 0.999896, 0.000028, 0.000008, 1, 1575414159.2823708,
00001, 00086, 0.000001, 0.000062, 0.999899, 0.000029, 0.000008, 1, 1575414174.9108868,
00001, 00087, 0.000001, 0.000060, 0.999901, 0.000029, 0.000009, 1, 1575414190.8320177,
00001, 00088, 0.000001, 0.000061, 0.999900, 0.000029, 0.000009, 1, 1575414206.6748073,
00001, 00089, 0.000002, 0.000047, 0.999913, 0.000029, 0.000010, 1, 1575414222.4535205,
00001, 00090, 0.000051, 0.000168, 0.794852, 0.186639, 0.018290, 1, 1575414238.0576704,
00001, 00091, 0.000002, 0.000031, 0.999868, 0.000072, 0.000027, 1, 1575414254.7282596,
00001, 00092, 0.000002, 0.000032, 0.999908, 0.000041, 0.000017, 1, 1575414271.2953749,
00001, 00093, 0.000003, 0.000031, 0.999765, 0.000142, 0.000058, 1, 1575414289.7590876,
00001, 00094, 0.000002, 0.000031, 0.999826, 0.000103, 0.000038, 1, 1575414306.0293634,
00001, 00095, 0.000002, 0.000032, 0.999850, 0.000086, 0.000031, 1, 1575414323.5132577,
00001, 00096, 0.000001, 0.000075, 0.999889, 0.000027, 0.000008, 1, 1575414340.2141516,
00001, 00097, 0.000001, 0.000066, 0.999896, 0.000028, 0.000008, 1, 1575414357.612989,
00001, 00098, 0.000001, 0.000059, 0.999902, 0.000029, 0.000009, 1, 1575414374.3972657,
00001, 00099, 0.000001, 0.000063, 0.999899, 0.000029, 0.000008, 1, 1575414391.095443,
00001, 00100, 0.000001, 0.000063, 0.999899, 0.000028, 0.000008, 1, 1575414407.4522917,
00001, 00101, 0.000001, 0.000060, 0.999901, 0.000029, 0.000009, 1, 1575414424.5868876,
00001, 00102, 0.000001, 0.000067, 0.999896, 0.000028, 0.000008, 1, 1575414441.384111,
00001, 00103, 0.000001, 0.000065, 0.999897, 0.000028, 0.000008, 1, 1575414457.39896,
00001, 00104, 0.000001, 0.000067, 0.999896, 0.000028, 0.000008, 1, 1575414472.9657378,
00001, 00105, 0.000001, 0.000062, 0.999900, 0.000029, 0.000008, 1, 1575414489.2993603,
00001, 00106, 0.000001, 0.000059, 0.999901, 0.000030, 0.000009, 1, 1575414505.434775,
00001, 00107, 0.000001, 0.000055, 0.999904, 0.000031, 0.000009, 1, 1575414522.0392377,
00001, 00108, 0.000001, 0.000064, 0.999898, 0.000028, 0.000008, 1, 1575414538.2646787,
00001, 00109, 0.000001, 0.000066, 0.999897, 0.000028, 0.000008, 1, 1575414554.817912,
00001, 00110, 0.000001, 0.000062, 0.999900, 0.000028, 0.000008, 1, 1575414571.306557,
00001, 00111, 0.000001, 0.000064, 0.999898, 0.000028, 0.000008, 1, 1575414587.9476376,
00001, 00112, 0.000001, 0.000061, 0.999900, 0.000029, 0.000008, 1, 1575414604.6459703,
00001, 00113, 0.000001, 0.000073, 0.999890, 0.000027, 0.000008, 1, 1575414622.2899158,
00001, 00114, 0.000001, 0.000069, 0.999894, 0.000027, 0.000008, 1, 1575414638.8185675,
00001, 00115, 0.000001, 0.000069, 0.999894, 0.000028, 0.000008, 1, 1575414655.8849893,
00001, 00116, 0.000001, 0.000060, 0.999901, 0.000029, 0.000009, 1, 1575414672.2034094,
00001, 00117, 0.000001, 0.000063, 0.999899, 0.000029, 0.000008, 1, 1575414688.3784914,
00001, 00118, 0.000001, 0.000069, 0.999894, 0.000027, 0.000008, 1, 1575414705.7637315,
00001, 00119, 0.000001, 0.000062, 0.999899, 0.000029, 0.000008, 1, 1575414722.5869048,
00001, 00120, 0.000001, 0.000068, 0.999895, 0.000028, 0.000008, 1, 1575414739.8890693,
00001, 00121, 0.000001, 0.000060, 0.999901, 0.000029, 0.000009, 1, 1575414756.752622,
00001, 00122, 0.000005, 0.000054, 0.999855, 0.000065, 0.000021, 1, 1575414773.9836798,
00001, 00123, 0.000003, 0.000034, 0.999893, 0.000052, 0.000019, 1, 1575414790.5458658,
00001, 00124, 0.000004, 0.000035, 0.999750, 0.000161, 0.000050, 1, 1575414807.3491051,
00001, 00125, 0.000002, 0.000035, 0.999894, 0.000053, 0.000017, 1, 1575414824.3551304,
00001, 00126, 0.000002, 0.000040, 0.999894, 0.000050, 0.000014, 1, 1575414841.4869974,
00001, 00127, 0.000003, 0.000033, 0.999812, 0.000114, 0.000038, 1, 1575414861.0191789,
00001, 00128, 0.000003, 0.000036, 0.999663, 0.000224, 0.000073, 1, 1575414878.8015234,
00001, 00129, 0.000005, 0.000041, 0.999067, 0.000673, 0.000214, 1, 1575414896.7977736,
00001, 00130, 0.000001, 0.000077, 0.999887, 0.000027, 0.000008, 1, 1575414913.4717412,
00001, 00131, 0.000001, 0.000062, 0.999899, 0.000029, 0.000008, 1, 1575414931.1466386,
00001, 00132, 0.000001, 0.000069, 0.999894, 0.000028, 0.000008, 1, 1575414948.1409416,
00001, 00133, 0.000001, 0.000072, 0.999891, 0.000027, 0.000008, 1, 1575414965.1779618,
00001, 00134, 0.000001, 0.000069, 0.999894, 0.000028, 0.000008, 1, 1575414981.579238,
00001, 00135, 0.000001, 0.000071, 0.999893, 0.000027, 0.000008, 1, 1575414998.443059,
00001, 00136, 0.000001, 0.000066, 0.999897, 0.000028, 0.000008, 1, 1575415014.930062,
00001, 00137, 0.000001, 0.000070, 0.999893, 0.000027, 0.000008, 1, 1575415031.601798,
00001, 00138, 0.000001, 0.000070, 0.999893, 0.000027, 0.000008, 1, 1575415048.9277327,
00001, 00139, 0.000001, 0.000072, 0.999892, 0.000027, 0.000008, 1, 1575415066.0749419,
00001, 00140, 0.000001, 0.000070, 0.999894, 0.000028, 0.000008, 1, 1575415083.4957983,
00001, 00141, 0.000001, 0.000072, 0.999892, 0.000027, 0.000008, 1, 1575415100.9258935,
00001, 00142, 0.000001, 0.000072, 0.999892, 0.000027, 0.000008, 1, 1575415118.5225458,
00001, 00143, 0.000001, 0.000068, 0.999894, 0.000028, 0.000008, 1, 1575415136.4546382,
00001, 00144, 0.000001, 0.000071, 0.999892, 0.000027, 0.000008, 1, 1575415153.9615505,
00001, 00145, 0.000001, 0.000074, 0.999889, 0.000027, 0.000008, 1, 1575415171.3650532,
00001, 00146, 0.000001, 0.000068, 0.999895, 0.000028, 0.000008, 1, 1575415188.1712074,
00001, 00147, 0.000001, 0.000074, 0.999890, 0.000027, 0.000008, 1, 1575415205.5947297,
00001, 00148, 0.000001, 0.000069, 0.999894, 0.000028, 0.000008, 1, 1575415223.069799,
00001, 00149, 0.000001, 0.000070, 0.999893, 0.000027, 0.000008, 1, 1575415240.2296038,
00001, 00150, 0.000001, 0.000070, 0.999893, 0.000027, 0.000008, 1, 1575415257.3228781,
00001, 00151, 0.000001, 0.000071, 0.999892, 0.000027, 0.000008, 1, 1575415274.503615,
00001, 00152, 0.000001, 0.000069, 0.999894, 0.000028, 0.000008, 1, 1575415291.501889,
00001, 00153, 0.000001, 0.000069, 0.999894, 0.000028, 0.000008, 1, 1575415308.9660144,
00001, 00154, 0.000001, 0.000073, 0.999891, 0.000027, 0.000008, 1, 1575415326.8362906,
00001, 00155, 0.000003, 0.000036, 0.999901, 0.000044, 0.000016, 1, 1575415344.013573,
00001, 00156, 0.000009, 0.000041, 0.998365, 0.001164, 0.000420, 1, 1575415360.7941191,
00001, 00157, 0.000006, 0.000036, 0.999448, 0.000368, 0.000141, 1, 1575415378.510176,
00001, 00158, 0.000002, 0.000039, 0.999879, 0.000062, 0.000017, 1, 1575415400.13909,
00001, 00159, 0.000004, 0.000035, 0.999404, 0.000403, 0.000154, 1, 1575415418.1744182,
00001, 00160, 0.000003, 0.000034, 0.999765, 0.000149, 0.000049, 1, 1575415439.4420838,
00001, 00161, 0.000001, 0.000055, 0.999903, 0.000031, 0.000009, 1, 1575415457.0666199,
00001, 00162, 0.000001, 0.000065, 0.999897, 0.000028, 0.000008, 1, 1575415474.953577,
00001, 00163, 0.000002, 0.000032, 0.999817, 0.000109, 0.000039, 1, 1575415493.1852815,
00001, 00164, 0.000001, 0.000066, 0.999897, 0.000028, 0.000008, 1, 1575415512.0900981,
00001, 00165, 0.000001, 0.000059, 0.999901, 0.000030, 0.000009, 1, 1575415529.2888424,
00001, 00166, 0.000001, 0.000069, 0.999894, 0.000028, 0.000008, 1, 1575415546.7994294,
00001, 00167, 0.000001, 0.000063, 0.999899, 0.000029, 0.000008, 1, 1575415564.523069,
00001, 00168, 0.000001, 0.000070, 0.999893, 0.000027, 0.000008, 1, 1575415582.543786,
00001, 00169, 0.000001, 0.000073, 0.999891, 0.000027, 0.000008, 1, 1575415600.2407296,
00001, 00170, 0.000001, 0.000060, 0.999901, 0.000029, 0.000009, 1, 1575415618.8677218,
00001, 00171, 0.000001, 0.000062, 0.999900, 0.000029, 0.000008, 1, 1575415636.3033183,
00001, 00172, 0.000001, 0.000061, 0.999900, 0.000029, 0.000009, 1, 1575415654.576834,
00001, 00173, 0.000001, 0.000066, 0.999896, 0.000028, 0.000008, 1, 1575415672.1130207,
00001, 00174, 0.000001, 0.000061, 0.999900, 0.000029, 0.000009, 1, 1575415690.7017708,
00001, 00175, 0.000001, 0.000069, 0.999894, 0.000027, 0.000008, 1, 1575415708.6631334,
00001, 00176, 0.000001, 0.000062, 0.999900, 0.000029, 0.000008, 1, 1575415726.794295,
00001, 00177, 0.000001, 0.000063, 0.999899, 0.000029, 0.000008, 1, 1575415744.7029943,
00001, 00178, 0.000001, 0.000068, 0.999895, 0.000028, 0.000008, 1, 1575415762.2307074,
00001, 00179, 0.000001, 0.000065, 0.999897, 0.000028, 0.000008, 1, 1575415781.4077103,
00001, 00180, 0.000001, 0.000064, 0.999898, 0.000028, 0.000008, 1, 1575415799.6302059,
00001, 00181, 0.000001, 0.000063, 0.999899, 0.000028, 0.000008, 1, 1575415818.1553688,
00001, 00182, 0.000001, 0.000061, 0.999900, 0.000029, 0.000009, 1, 1575415836.3617532,
00001, 00183, 0.000001, 0.000061, 0.999900, 0.000029, 0.000009, 1, 1575415854.5382805,
00001, 00184, 0.000001, 0.000069, 0.999894, 0.000027, 0.000008, 1, 1575415872.409948,
00001, 00185, 0.000001, 0.000066, 0.999897, 0.000028, 0.000008, 1, 1575415890.632909,
00001, 00186, 0.000001, 0.000069, 0.999893, 0.000028, 0.000008, 1, 1575415908.3593388,
00001, 00187, 0.000001, 0.000075, 0.999889, 0.000027, 0.000008, 1, 1575415926.5877197,
00001, 00188, 0.000007, 0.000041, 0.999718, 0.000173, 0.000062, 1, 1575415944.779817,
00001, 00189, 0.000004, 0.000033, 0.999814, 0.000108, 0.000041, 1, 1575415962.2120223,
00001, 00190, 0.000006, 0.000034, 0.999583, 0.000270, 0.000108, 1, 1575415980.527736,
00001, 00191, 0.000002, 0.000041, 0.999894, 0.000049, 0.000014, 1, 1575416002.4726098,
00001, 00192, 0.000001, 0.000050, 0.999904, 0.000035, 0.000010, 1, 1575416021.1575406,
00001, 00193, 0.000001, 0.000054, 0.999904, 0.000031, 0.000009, 1, 1575416041.2072518,
00001, 00194, 0.000003, 0.000035, 0.999724, 0.000179, 0.000058, 1, 1575416060.7560625,
00001, 00195, 0.000001, 0.000055, 0.999903, 0.000031, 0.000009, 1, 1575416079.527568,
00001, 00196, 0.000001, 0.000061, 0.999900, 0.000029, 0.000009, 1, 1575416098.5620272,
00001, 00197, 0.000001, 0.000074, 0.999890, 0.000027, 0.000008, 1, 1575416116.8559134,
00001, 00198, 0.000004, 0.000038, 0.999553, 0.000306, 0.000099, 1, 1575416136.7881067,
00001, 00199, 0.000004, 0.000038, 0.999501, 0.000345, 0.000112, 1, 1575416156.7115262,
00001, 00200, 0.000004, 0.000040, 0.999369, 0.000443, 0.000144, 1, 1575416177.1849768,
00001, 00201, 0.000004, 0.000039, 0.999477, 0.000363, 0.000117, 1, 1575416197.098335,
00001, 00202, 0.000004, 0.000037, 0.999586, 0.000281, 0.000093, 1, 1575416217.6299856,
00001, 00203, 0.000004, 0.000038, 0.999494, 0.000350, 0.000113, 1, 1575416237.6169024,
00001, 00204, 0.000004, 0.000038, 0.999510, 0.000336, 0.000112, 1, 1575416257.6826215,
00001, 00205, 0.000005, 0.000040, 0.999296, 0.000498, 0.000161, 1, 1575416277.6624389,
00001, 00206, 0.000004, 0.000039, 0.999450, 0.000383, 0.000124, 1, 1575416297.8384025,
00001, 00207, 0.000004, 0.000037, 0.999564, 0.000298, 0.000097, 1, 1575416317.2609448,
00001, 00208, 0.000004, 0.000038, 0.999480, 0.000360, 0.000117, 1, 1575416337.3107128,
00001, 00209, 0.000003, 0.000036, 0.999688, 0.000206, 0.000067, 1, 1575416357.6437168,
00001, 00210, 0.000004, 0.000039, 0.999425, 0.000400, 0.000132, 1, 1575416377.8079793,
00001, 00211, 0.000004, 0.000040, 0.999386, 0.000431, 0.000139, 1, 1575416398.455389,
00001, 00212, 0.000004, 0.000039, 0.999470, 0.000368, 0.000120, 1, 1575416418.3853908,
00001, 00213, 0.000001, 0.000060, 0.999900, 0.000029, 0.000009, 1, 1575416437.3494637,
00001, 00214, 0.000004, 0.000040, 0.999331, 0.000472, 0.000153, 1, 1575416457.0851371,
00001, 00215, 0.000004, 0.000038, 0.999477, 0.000363, 0.000118, 1, 1575416477.362241,
00001, 00216, 0.000004, 0.000038, 0.999516, 0.000334, 0.000109, 1, 1575416497.741812,
00001, 00217, 0.000003, 0.000036, 0.999671, 0.000218, 0.000071, 1, 1575416518.6661701,
00001, 00218, 0.000005, 0.000042, 0.999173, 0.000591, 0.000190, 1, 1575416539.741875,
00001, 00219, 0.000001, 0.000065, 0.999897, 0.000028, 0.000008, 1, 1575416559.187634,
00001, 00220, 0.000004, 0.000037, 0.999611, 0.000263, 0.000086, 1, 1575416579.3506281,
00001, 00221, 0.000004, 0.000048, 0.999652, 0.000236, 0.000060, 1, 1575416599.2919958,
00001, 00222, 0.000002, 0.000046, 0.999883, 0.000052, 0.000016, 1, 1575416617.4029527,
00001, 00223, 0.000005, 0.000040, 0.999352, 0.000437, 0.000167, 1, 1575416635.4117582,
00001, 00224, 0.000002, 0.000043, 0.999905, 0.000038, 0.000013, 1, 1575416656.3247075,
00001, 00225, 0.000002, 0.000039, 0.999900, 0.000043, 0.000016, 1, 1575416676.3093371,
00001, 00226, 0.000001, 0.000083, 0.999881, 0.000027, 0.000008, 1, 1575416696.3649259,
00001, 00227, 0.000001, 0.000098, 0.999867, 0.000026, 0.000008, 1, 1575416715.181874,
00001, 00228, 0.000002, 0.000033, 0.999811, 0.000115, 0.000039, 1, 1575416734.961036,
00001, 00229, 0.000005, 0.000041, 0.998997, 0.000726, 0.000231, 1, 1575416756.2262936,
00001, 00230, 0.000001, 0.000065, 0.999897, 0.000028, 0.000008, 1, 1575416775.7009668,
00001, 00231, 0.000001, 0.000065, 0.999897, 0.000028, 0.000008, 1, 1575416794.4199178,
00001, 00232, 0.000001, 0.000056, 0.999903, 0.000030, 0.000009, 1, 1575416814.0433385,
00001, 00233, 0.000001, 0.000069, 0.999895, 0.000027, 0.000008, 1, 1575416833.1930428,
00001, 00234, 0.000001, 0.000054, 0.999904, 0.000031, 0.000009, 1, 1575416851.8155332,
00001, 00235, 0.000001, 0.000064, 0.999898, 0.000028, 0.000008, 1, 1575416871.5840425,
00001, 00236, 0.000001, 0.000063, 0.999899, 0.000028, 0.000008, 1, 1575416890.7061284,
00001, 00237, 0.000001, 0.000062, 0.999899, 0.000029, 0.000008, 1, 1575416910.1818163,
00001, 00238, 0.000001, 0.000069, 0.999894, 0.000028, 0.000008, 1, 1575416929.6641548,
00001, 00239, 0.000001, 0.000065, 0.999898, 0.000028, 0.000008, 1, 1575416949.3723893,
00001, 00240, 0.000001, 0.000064, 0.999898, 0.000028, 0.000008, 1, 1575416968.278846,
00001, 00241, 0.000001, 0.000069, 0.999894, 0.000028, 0.000008, 1, 1575416988.0041242,
00001, 00242, 0.000001, 0.000056, 0.999903, 0.000030, 0.000009, 1, 1575417007.644887,
00001, 00243, 0.000001, 0.000062, 0.999900, 0.000029, 0.000008, 1, 1575417027.1984284,
00001, 00244, 0.000001, 0.000072, 0.999892, 0.000027, 0.000008, 1, 1575417047.390002,
00001, 00245, 0.000001, 0.000064, 0.999898, 0.000029, 0.000008, 1, 1575417066.9637914,
00001, 00246, 0.000001, 0.000061, 0.999900, 0.000029, 0.000008, 1, 1575417087.080674,
00001, 00247, 0.000001, 0.000064, 0.999898, 0.000028, 0.000008, 1, 1575417106.997795,
00001, 00248, 0.000001, 0.000065, 0.999897, 0.000028, 0.000008, 1, 1575417126.5495918,
00001, 00249, 0.000001, 0.000062, 0.999899, 0.000029, 0.000008, 1, 1575417145.7864466,
00001, 00250, 0.000001, 0.000071, 0.999892, 0.000028, 0.000008, 1, 1575417165.7247233,
00001, 00251, 0.000001, 0.000072, 0.999892, 0.000027, 0.000008, 1, 1575417184.988972,
00001, 00252, 0.000001, 0.000063, 0.999899, 0.000029, 0.000008, 1, 1575417206.2064867,
00001, 00253, 0.000001, 0.000065, 0.999897, 0.000028, 0.000008, 1, 1575417226.5561938,
00001, 00254, 0.000002, 0.000037, 0.999887, 0.000045, 0.000029, 1, 1575417247.2224553,
00001, 00255, 0.000005, 0.000044, 0.999091, 0.000583, 0.000277, 1, 1575417265.4282403,
00001, 00256, 0.000002, 0.000032, 0.999843, 0.000081, 0.000042, 1, 1575417285.7749014,
00001, 00257, 0.000001, 0.000051, 0.999901, 0.000036, 0.000011, 1, 1575417305.8479338,
00001, 00258, 0.000003, 0.000034, 0.999688, 0.000201, 0.000074, 1, 1575417325.4790616,
00001, 00259, 0.000003, 0.000032, 0.999818, 0.000108, 0.000039, 1, 1575417345.785665,
00001, 00260, 0.000001, 0.000050, 0.999906, 0.000033, 0.000010, 1, 1575417366.128172,
00001, 00261, 0.000003, 0.000028, 0.999799, 0.000112, 0.000059, 1, 1575417385.9230769,
00001, 00262, 0.000003, 0.000033, 0.999808, 0.000116, 0.000041, 1, 1575417405.9587235,
00001, 00263, 0.000001, 0.000062, 0.999900, 0.000029, 0.000009, 1, 1575417426.583314,
00001, 00264, 0.000002, 0.000033, 0.999913, 0.000034, 0.000017, 1, 1575417447.392329,
00001, 00265, 0.000002, 0.000033, 0.999923, 0.000026, 0.000016, 1, 1575417468.1105483,
00001, 00266, 0.000002, 0.000046, 0.999919, 0.000023, 0.000011, 1, 1575417489.2779987,
00001, 00267, 0.000002, 0.000043, 0.999918, 0.000025, 0.000012, 1, 1575417510.418414,
00001, 00268, 0.000002, 0.000037, 0.999919, 0.000028, 0.000014, 1, 1575417531.591919,
00001, 00269, 0.000003, 0.000027, 0.999889, 0.000048, 0.000033, 1, 1575417552.4053392,
00001, 00270, 0.000002, 0.000036, 0.999917, 0.000030, 0.000015, 1, 1575417572.6192782,
00001, 00271, 0.000004, 0.000028, 0.999697, 0.000161, 0.000110, 1, 1575417593.834167,
00001, 00272, 0.000002, 0.000031, 0.999903, 0.000040, 0.000024, 1, 1575417615.1898816,
00001, 00273, 0.000002, 0.000043, 0.999918, 0.000025, 0.000012, 1, 1575417636.4489672,
00001, 00274, 0.000002, 0.000043, 0.999919, 0.000025, 0.000011, 1, 1575417657.7420876,
00001, 00275, 0.000003, 0.000028, 0.999845, 0.000076, 0.000048, 1, 1575417679.3517487,
00001, 00276, 0.000004, 0.000028, 0.999760, 0.000122, 0.000087, 1, 1575417700.5238872,
00001, 00277, 0.000002, 0.000037, 0.999917, 0.000030, 0.000014, 1, 1575417720.5868618,
00001, 00278, 0.000002, 0.000043, 0.999919, 0.000025, 0.000012, 1, 1575417741.017183,
00001, 00279, 0.000003, 0.000028, 0.999779, 0.000113, 0.000077, 1, 1575417762.0666807,
00001, 00280, 0.000002, 0.000038, 0.999919, 0.000027, 0.000014, 1, 1575417782.3971124,
00001, 00281, 0.000004, 0.000028, 0.999771, 0.000116, 0.000082, 1, 1575417803.0848162,
00001, 00282, 0.000002, 0.000028, 0.999908, 0.000036, 0.000025, 1, 1575417823.6581326,
00001, 00283, 0.000003, 0.000028, 0.999868, 0.000061, 0.000040, 1, 1575417845.3762534,
00001, 00284, 0.000002, 0.000041, 0.999919, 0.000025, 0.000012, 1, 1575417866.303013,
00001, 00285, 0.000004, 0.000028, 0.999754, 0.000125, 0.000089, 1, 1575417886.9719477,
00001, 00286, 0.000002, 0.000033, 0.999913, 0.000034, 0.000017, 1, 1575417907.595113,
00001, 00287, 0.000003, 0.000272, 0.999683, 0.000028, 0.000014, 1, 1575417927.106441,
00001, 00288, 0.000003, 0.000485, 0.999473, 0.000027, 0.000012, 1, 1575417948.714279,
00001, 00289, 0.000003, 0.000031, 0.999638, 0.000219, 0.000108, 1, 1575417968.4197896,
00001, 00290, 0.000001, 0.000048, 0.999907, 0.000032, 0.000012, 1, 1575417989.447021,
00001, 00291, 0.000002, 0.000046, 0.999901, 0.000040, 0.000012, 1, 1575418010.6496053,
00001, 00292, 0.000001, 0.000065, 0.999897, 0.000028, 0.000008, 1, 1575418030.9146898,
00001, 00293, 0.000006, 0.000040, 0.998963, 0.000746, 0.000245, 1, 1575418054.236176,
00001, 00294, 0.000001, 0.000060, 0.999901, 0.000030, 0.000009, 1, 1575418075.6821468,
00001, 00295, 0.000003, 0.000035, 0.999645, 0.000233, 0.000084, 1, 1575418097.3199332,
00001, 00296, 0.000005, 0.000037, 0.999344, 0.000451, 0.000164, 1, 1575418118.8007672,
00001, 00297, 0.000001, 0.000066, 0.999896, 0.000028, 0.000008, 1, 1575418140.0379674,
00001, 00298, 0.000001, 0.000067, 0.999896, 0.000028, 0.000008, 1, 1575418160.9246974,
00001, 00299, 0.000001, 0.000064, 0.999898, 0.000028, 0.000008, 1, 1575418182.1242094,
00001, 00300, 0.000001, 0.000070, 0.999894, 0.000027, 0.000008, 1, 1575418203.6134028,
00001, 00301, 0.000001, 0.000066, 0.999897, 0.000028, 0.000008, 1, 1575418224.584011,
00001, 00302, 0.000001, 0.000066, 0.999897, 0.000028, 0.000008, 1, 1575418245.4522789,
00001, 00303, 0.000001, 0.000066, 0.999897, 0.000028, 0.000008, 1, 1575418265.781697,
00001, 00304, 0.000001, 0.000066, 0.999897, 0.000028, 0.000008, 1, 1575418286.369747,
00001, 00305, 0.000001, 0.000062, 0.999899, 0.000029, 0.000008, 1, 1575418306.7102091,
00001, 00306, 0.000001, 0.000065, 0.999897, 0.000028, 0.000008, 1, 1575418327.434026,
00001, 00307, 0.000001, 0.000068, 0.999895, 0.000028, 0.000008, 1, 1575418349.2168248,
00001, 00308, 0.000001, 0.000061, 0.999900, 0.000029, 0.000009, 1, 1575418371.2771218,
00001, 00309, 0.000001, 0.000064, 0.999898, 0.000028, 0.000008, 1, 1575418393.1980386,
00001, 00310, 0.000001, 0.000063, 0.999899, 0.000029, 0.000008, 1, 1575418414.3441756,
00001, 00311, 0.000001, 0.000064, 0.999898, 0.000028, 0.000008, 1, 1575418435.052068,
00001, 00312, 0.000001, 0.000061, 0.999900, 0.000029, 0.000009, 1, 1575418455.9473429,
00001, 00313, 0.000001, 0.000057, 0.999902, 0.000031, 0.000009, 1, 1575418476.5126848,
00001, 00314, 0.000001, 0.000064, 0.999898, 0.000028, 0.000008, 1, 1575418497.0705829,
00001, 00315, 0.000001, 0.000070, 0.999893, 0.000028, 0.000008, 1, 1575418518.0666695,
00001, 00316, 0.000001, 0.000055, 0.999904, 0.000031, 0.000009, 1, 1575418538.500784,
00001, 00317, 0.000001, 0.000064, 0.999898, 0.000029, 0.000008, 1, 1575418558.8664997,
00001, 00318, 0.000001, 0.000067, 0.999896, 0.000028, 0.000008, 1, 1575418580.4624362,
00001, 00319, 0.000001, 0.000070, 0.999893, 0.000027, 0.000008, 1, 1575418601.1628287,
00001, 00320, 0.000013, 0.000070, 0.998971, 0.000758, 0.000189, 1, 1575418623.2744594,
00001, 00321, 0.000004, 0.000035, 0.999572, 0.000290, 0.000098, 1, 1575418643.8108897,
00001, 00322, 0.000005, 0.000036, 0.999353, 0.000440, 0.000167, 1, 1575418670.1067786,
00001, 00323, 0.000002, 0.000030, 0.999854, 0.000082, 0.000032, 1, 1575418691.1812818,
00001, 00324, 0.000003, 0.000034, 0.999766, 0.000149, 0.000049, 1, 1575418712.982171,
00001, 00325, 0.000001, 0.000054, 0.999904, 0.000031, 0.000009, 1, 1575418734.106726,
00001, 00326, 0.000001, 0.000057, 0.999903, 0.000030, 0.000009, 1, 1575418755.6705842,
00001, 00327, 0.000001, 0.000060, 0.999901, 0.000030, 0.000009, 1, 1575418776.7271376,
00001, 00328, 0.000001, 0.000033, 0.999918, 0.000031, 0.000017, 1, 1575418798.2412,
00001, 00329, 0.000001, 0.000067, 0.999896, 0.000028, 0.000008, 1, 1575418819.790841,
00001, 00330, 0.000001, 0.000065, 0.999897, 0.000028, 0.000008, 1, 1575418840.6938295,
00001, 00331, 0.000004, 0.000037, 0.999602, 0.000269, 0.000088, 1, 1575418862.7796514,
00001, 00332, 0.000003, 0.000036, 0.999654, 0.000231, 0.000076, 1, 1575418885.1100795,
00001, 00333, 0.000003, 0.000036, 0.999635, 0.000246, 0.000080, 1, 1575418907.7373347,
00001, 00334, 0.000004, 0.000039, 0.999457, 0.000378, 0.000122, 1, 1575418930.3395967,
00001, 00335, 0.000004, 0.000038, 0.999528, 0.000325, 0.000105, 1, 1575418952.713976,
00001, 00336, 0.000004, 0.000037, 0.999564, 0.000298, 0.000097, 1, 1575418976.079981,
00001, 00337, 0.000003, 0.000036, 0.999633, 0.000246, 0.000081, 1, 1575418999.9965498,
00001, 00338, 0.000004, 0.000037, 0.999600, 0.000271, 0.000088, 1, 1575419023.2065732,
00001, 00339, 0.000005, 0.000042, 0.999144, 0.000613, 0.000196, 1, 1575419046.3821907,
00001, 00340, 0.000003, 0.000036, 0.999678, 0.000214, 0.000070, 1, 1575419069.1531248,
00001, 00341, 0.000003, 0.000037, 0.999628, 0.000250, 0.000082, 1, 1575419091.8580139,
00001, 00342, 0.000004, 0.000039, 0.999469, 0.000368, 0.000119, 1, 1575419114.2156804,
00001, 00343, 0.000004, 0.000040, 0.999346, 0.000461, 0.000149, 1, 1575419136.4719834,
00001, 00344, 0.000004, 0.000039, 0.999410, 0.000413, 0.000133, 1, 1575419159.1265755,
00001, 00345, 0.000004, 0.000039, 0.999446, 0.000386, 0.000125, 1, 1575419181.618287,
00001, 00346, 0.000004, 0.000038, 0.999512, 0.000337, 0.000109, 1, 1575419204.7331312,
00001, 00347, 0.000004, 0.000038, 0.999497, 0.000348, 0.000113, 1, 1575419228.325067,
00001, 00348, 0.000003, 0.000036, 0.999665, 0.000223, 0.000073, 1, 1575419252.2891955,
00001, 00349, 0.000004, 0.000038, 0.999541, 0.000316, 0.000102, 1, 1575419275.5861347,
00001, 00350, 0.000004, 0.000038, 0.999532, 0.000322, 0.000104, 1, 1575419298.0976357,
00001, 00351, 0.000003, 0.000036, 0.999639, 0.000242, 0.000080, 1, 1575419320.6650565,
00001, 00352, 0.000003, 0.000036, 0.999649, 0.000235, 0.000077, 1, 1575419343.0760617,
00001, 00353, 0.000004, 0.000038, 0.999523, 0.000329, 0.000107, 1, 1575419366.5176961,
00001, 00354, 0.000002, 0.000050, 0.999900, 0.000030, 0.000018, 1, 1575419391.2493372,
00001, 00355, 0.000003, 0.000035, 0.999749, 0.000143, 0.000070, 1, 1575419415.2789128,
00001, 00356, 0.000004, 0.000034, 0.999361, 0.000420, 0.000181, 1, 1575419437.6309056,
00001, 00357, 0.000002, 0.000033, 0.999841, 0.000087, 0.000036, 1, 1575419458.6845982,
00001, 00358, 0.000002, 0.000035, 0.999878, 0.000061, 0.000023, 1, 1575419481.535241,
00001, 00359, 0.000001, 0.000056, 0.999902, 0.000031, 0.000009, 1, 1575419503.6462238,
00001, 00360, 0.000004, 0.000038, 0.999474, 0.000363, 0.000122, 1, 1575419527.417961,
00001, 00361, 0.000001, 0.000076, 0.999888, 0.000027, 0.000008, 1, 1575419549.9329927,
00001, 00362, 0.000002, 0.000030, 0.999901, 0.000041, 0.000026, 1, 1575419572.528981,
00001, 00363, 0.000001, 0.000065, 0.999897, 0.000028, 0.000008, 1, 1575419594.4409614,
00001, 00364, 0.000001, 0.000055, 0.999904, 0.000031, 0.000009, 1, 1575419617.4648955,
00001, 00365, 0.000001, 0.000062, 0.999899, 0.000029, 0.000008, 1, 1575419640.2998278,
00001, 00366, 0.000001, 0.000065, 0.999897, 0.000028, 0.000008, 1, 1575419662.1610973,
00001, 00367, 0.000001, 0.000064, 0.999898, 0.000028, 0.000008, 1, 1575419683.9568748,
00001, 00368, 0.000001, 0.000061, 0.999900, 0.000029, 0.000009, 1, 1575419705.4155722,
00001, 00369, 0.000001, 0.000061, 0.999900, 0.000029, 0.000009, 1, 1575419727.225847,
00001, 00370, 0.000001, 0.000065, 0.999897, 0.000028, 0.000008, 1, 1575419749.2163231,
00001, 00371, 0.000001, 0.000064, 0.999898, 0.000028, 0.000008, 1, 1575419771.0849388,
00001, 00372, 0.000001, 0.000065, 0.999897, 0.000028, 0.000008, 1, 1575419792.6488404,
00001, 00373, 0.000001, 0.000059, 0.999901, 0.000030, 0.000009, 1, 1575419814.1896029,
00001, 00374, 0.000001, 0.000062, 0.999900, 0.000029, 0.000009, 1, 1575419835.968226,
00001, 00375, 0.000001, 0.000064, 0.999898, 0.000028, 0.000008, 1, 1575419858.7437634,
00001, 00376, 0.000001, 0.000064, 0.999898, 0.000028, 0.000008, 1, 1575419881.2456887,
00001, 00377, 0.000001, 0.000063, 0.999899, 0.000029, 0.000008, 1, 1575419904.428655,
00001, 00378, 0.000001, 0.000064, 0.999898, 0.000028, 0.000008, 1, 1575419927.1439896,
00001, 00379, 0.000001, 0.000062, 0.999899, 0.000029, 0.000008, 1, 1575419950.129188,
00001, 00380, 0.000001, 0.000063, 0.999899, 0.000029, 0.000008, 1, 1575419972.5566528,
00001, 00381, 0.000001, 0.000061, 0.999900, 0.000029, 0.000009, 1, 1575419994.174412,
00001, 00382, 0.000001, 0.000066, 0.999897, 0.000028, 0.000008, 1, 1575420017.044954,
00001, 00383, 0.000001, 0.000064, 0.999898, 0.000028, 0.000008, 1, 1575420039.523999,
00001, 00384, 0.000001, 0.000065, 0.999897, 0.000028, 0.000008, 1, 1575420061.9935381,
00001, 00385, 0.000001, 0.000056, 0.999903, 0.000030, 0.000009, 1, 1575420083.8549368,
00001, 00386, 0.000001, 0.000064, 0.999898, 0.000028, 0.000008, 1, 1575420106.4170084,
00001, 00387, 0.000001, 0.000111, 0.999854, 0.000026, 0.000008, 1, 1575420129.1771455,
00001, 00388, 0.000003, 0.000030, 0.999834, 0.000095, 0.000039, 1, 1575420150.8036907,
00001, 00389, 0.000002, 0.000033, 0.999817, 0.000108, 0.000039, 1, 1575420174.2916327,
00001, 00390, 0.000003, 0.000033, 0.999767, 0.000145, 0.000052, 1, 1575420197.5835688,
00001, 00391, 0.000001, 0.000060, 0.999900, 0.000030, 0.000009, 1, 1575420221.5874875,
00001, 00392, 0.000001, 0.000059, 0.999901, 0.000030, 0.000009, 1, 1575420244.5814083,
00001, 00393, 0.000001, 0.000074, 0.999890, 0.000027, 0.000008, 1, 1575420266.89856,
00001, 00394, 0.000001, 0.000059, 0.999901, 0.000030, 0.000009, 1, 1575420290.9690084,
00001, 00395, 0.000001, 0.000060, 0.999901, 0.000029, 0.000009, 1, 1575420314.2816858,
00001, 00396, 0.000004, 0.000040, 0.999362, 0.000449, 0.000145, 1, 1575420338.4231677,
00001, 00397, 0.000004, 0.000038, 0.999557, 0.000304, 0.000098, 1, 1575420362.413243,
00001, 00398, 0.000004, 0.000039, 0.999437, 0.000393, 0.000127, 1, 1575420386.1536105,
00001, 00399, 0.000004, 0.000039, 0.999395, 0.000424, 0.000137, 1, 1575420410.1736677,
00001, 00400, 0.000004, 0.000038, 0.999497, 0.000348, 0.000113, 1, 1575420434.88934,
00001, 00401, 0.000004, 0.000037, 0.999597, 0.000273, 0.000090, 1, 1575420459.4960396,
00001, 00402, 0.000003, 0.000036, 0.999638, 0.000242, 0.000080, 1, 1575420483.1710074,
00001, 00403, 0.000004, 0.000038, 0.999515, 0.000333, 0.000109, 1, 1575420506.930713,
00001, 00404, 0.000003, 0.000036, 0.999652, 0.000233, 0.000076, 1, 1575420530.463137,
00001, 00405, 0.000004, 0.000039, 0.999440, 0.000390, 0.000127, 1, 1575420555.184572,
00001, 00406, 0.000003, 0.000036, 0.999672, 0.000218, 0.000071, 1, 1575420579.6650093,
00001, 00407, 0.000004, 0.000040, 0.999336, 0.000468, 0.000151, 1, 1575420603.6569586,
00001, 00408, 0.000004, 0.000037, 0.999604, 0.000268, 0.000088, 1, 1575420627.5086458,
00001, 00409, 0.000004, 0.000038, 0.999529, 0.000322, 0.000107, 1, 1575420651.6239858,
00001, 00410, 0.000004, 0.000037, 0.999612, 0.000262, 0.000086, 1, 1575420675.6674294,
00001, 00411, 0.000004, 0.000039, 0.999467, 0.000370, 0.000120, 1, 1575420700.234632,
00001, 00412, 0.000003, 0.000036, 0.999635, 0.000245, 0.000080, 1, 1575420724.866738,
00001, 00413, 0.000004, 0.000039, 0.999429, 0.000399, 0.000129, 1, 1575420749.7629151,
00001, 00414, 0.000004, 0.000038, 0.999500, 0.000346, 0.000112, 1, 1575420774.5391746,
00001, 00415, 0.000003, 0.000036, 0.999633, 0.000246, 0.000081, 1, 1575420800.1529086,
00001, 00416, 0.000004, 0.000037, 0.999588, 0.000279, 0.000091, 1, 1575420824.433623,
00001, 00417, 0.000003, 0.000037, 0.999619, 0.000256, 0.000084, 1, 1575420848.4665303,
00001, 00418, 0.000004, 0.000038, 0.999484, 0.000357, 0.000117, 1, 1575420872.962143,
00001, 00419, 0.000003, 0.000035, 0.999879, 0.000063, 0.000020, 1, 1575420896.846445,
00001, 00420, 0.000003, 0.000034, 0.999771, 0.000142, 0.000050, 1, 1575420920.021317,
00001, 00421, 0.000001, 0.000042, 0.999907, 0.000037, 0.000013, 1, 1575420944.6861353,
00001, 00422, 0.000023, 0.000092, 0.967437, 0.027037, 0.005410, 1, 1575420969.0625856,
00001, 00423, 0.000003, 0.000032, 0.999843, 0.000091, 0.000032, 1, 1575420994.457035,
00001, 00424, 0.000001, 0.000051, 0.999907, 0.000032, 0.000010, 1, 1575421018.972109,
00001, 00425, 0.000001, 0.000047, 0.999906, 0.000035, 0.000010, 1, 1575421042.933177,
00001, 00426, 0.000001, 0.000059, 0.999901, 0.000030, 0.000009, 1, 1575421067.283777,
00001, 00427, 0.000001, 0.000056, 0.999903, 0.000031, 0.000009, 1, 1575421090.4844654,
00001, 00428, 0.000003, 0.000033, 0.999813, 0.000113, 0.000039, 1, 1575421114.5474083,
00001, 00429, 0.000004, 0.000037, 0.999589, 0.000280, 0.000091, 1, 1575421139.1570766,
00001, 00430, 0.000004, 0.000038, 0.999535, 0.000320, 0.000103, 1, 1575421163.9243765,
00001, 00431, 0.000003, 0.000036, 0.999663, 0.000224, 0.000073, 1, 1575421188.4514494,
00001, 00432, 0.000004, 0.000040, 0.999351, 0.000457, 0.000148, 1, 1575421213.1057868,
00001, 00433, 0.000004, 0.000039, 0.999445, 0.000387, 0.000125, 1, 1575421237.7454572,
00001, 00434, 0.000004, 0.000039, 0.999405, 0.000417, 0.000135, 1, 1575421262.4420447,
00001, 00435, 0.000003, 0.000036, 0.999649, 0.000235, 0.000077, 1, 1575421287.4370024,
00001, 00436, 0.000004, 0.000039, 0.999418, 0.000406, 0.000132, 1, 1575421312.4814143,
00001, 00437, 0.000004, 0.000038, 0.999562, 0.000300, 0.000097, 1, 1575421337.3030918,
00001, 00438, 0.000004, 0.000037, 0.999567, 0.000296, 0.000096, 1, 1575421361.1479735,
00001, 00439, 0.000003, 0.000037, 0.999619, 0.000257, 0.000084, 1, 1575421385.9715688,
00001, 00440, 0.000004, 0.000039, 0.999411, 0.000412, 0.000134, 1, 1575421410.7136416,
00001, 00441, 0.000004, 0.000037, 0.999614, 0.000261, 0.000085, 1, 1575421435.6114268,
00001, 00442, 0.000003, 0.000037, 0.999624, 0.000253, 0.000083, 1, 1575421460.6835284,
00001, 00443, 0.000004, 0.000039, 0.999404, 0.000417, 0.000135, 1, 1575421485.4526021,
00001, 00444, 0.000004, 0.000039, 0.999422, 0.000404, 0.000131, 1, 1575421510.3314357,
00001, 00445, 0.000004, 0.000040, 0.999364, 0.000447, 0.000145, 1, 1575421534.8774016,
00001, 00446, 0.000004, 0.000039, 0.999462, 0.000374, 0.000121, 1, 1575421560.4264817,
00001, 00447, 0.000003, 0.000036, 0.999673, 0.000217, 0.000071, 1, 1575421585.738827,
00001, 00448, 0.000004, 0.000039, 0.999396, 0.000423, 0.000137, 1, 1575421610.5415192,
00001, 00449, 0.000003, 0.000036, 0.999652, 0.000233, 0.000075, 1, 1575421635.3732111,
00001, 00450, 0.000003, 0.000036, 0.999650, 0.000235, 0.000076, 1, 1575421660.675197,
00001, 00451, 0.000004, 0.000039, 0.999438, 0.000392, 0.000127, 1, 1575421685.5226946,
00001, 00452, 0.000012, 0.000064, 0.996507, 0.002793, 0.000624, 1, 1575421708.7539036,
00001, 00453, 0.000003, 0.000034, 0.999766, 0.000147, 0.000051, 1, 1575421731.8878574,
00001, 00454, 0.000003, 0.000033, 0.999737, 0.000169, 0.000059, 1, 1575421756.9600182,
00001, 00455, 0.000003, 0.000032, 0.999800, 0.000121, 0.000043, 1, 1575421783.3244452,
00001, 00456, 0.000002, 0.000042, 0.999897, 0.000046, 0.000014, 1, 1575421807.3434496,
00001, 00457, 0.000001, 0.000047, 0.999907, 0.000034, 0.000010, 1, 1575421831.8075376,
00001, 00458, 0.000004, 0.000028, 0.999664, 0.000197, 0.000108, 1, 1575421856.8495378,
00001, 00459, 0.000001, 0.000057, 0.999903, 0.000030, 0.000009, 1, 1575421882.2260993,
00001, 00460, 0.000003, 0.000037, 0.999618, 0.000258, 0.000084, 1, 1575421908.0595503,
00001, 00461, 0.000005, 0.000040, 0.999178, 0.000588, 0.000189, 1, 1575421933.2782767,
00001, 00462, 0.000001, 0.000070, 0.999894, 0.000027, 0.000008, 1, 1575421958.428919,
00001, 00463, 0.000001, 0.000063, 0.999899, 0.000028, 0.000008, 1, 1575421982.9821317,
00001, 00464, 0.000001, 0.000068, 0.999895, 0.000027, 0.000008, 1, 1575422007.4020014,
00001, 00465, 0.000001, 0.000076, 0.999888, 0.000027, 0.000008, 1, 1575422032.0512958,
00001, 00466, 0.000001, 0.000071, 0.999892, 0.000027, 0.000008, 1, 1575422056.8219225,
00001, 00467, 0.000001, 0.000070, 0.999894, 0.000027, 0.000008, 1, 1575422080.4169436,
00001, 00468, 0.000001, 0.000076, 0.999888, 0.000027, 0.000008, 1, 1575422104.7082596,
00001, 00469, 0.000001, 0.000074, 0.999890, 0.000027, 0.000008, 1, 1575422129.561227,
00001, 00470, 0.000001, 0.000065, 0.999898, 0.000028, 0.000008, 1, 1575422154.5180662,
00001, 00471, 0.000001, 0.000061, 0.999900, 0.000029, 0.000009, 1, 1575422179.6392918,
00001, 00472, 0.000001, 0.000055, 0.999904, 0.000031, 0.000009, 1, 1575422204.632902,
00001, 00473, 0.000001, 0.000067, 0.999896, 0.000028, 0.000008, 1, 1575422230.1662056,
00001, 00474, 0.000001, 0.000062, 0.999899, 0.000029, 0.000008, 1, 1575422254.99611,
00001, 00475, 0.000001, 0.000061, 0.999900, 0.000029, 0.000009, 1, 1575422279.8341517,
00001, 00476, 0.000001, 0.000064, 0.999899, 0.000028, 0.000008, 1, 1575422304.926535,
00001, 00477, 0.000001, 0.000071, 0.999892, 0.000027, 0.000008, 1, 1575422330.1216846,
00001, 00478, 0.000001, 0.000071, 0.999892, 0.000027, 0.000008, 1, 1575422355.2973955,
00001, 00479, 0.000001, 0.000065, 0.999897, 0.000028, 0.000008, 1, 1575422380.5002463,
00001, 00480, 0.000001, 0.000062, 0.999899, 0.000029, 0.000008, 1, 1575422405.6136901,
00001, 00481, 0.000001, 0.000064, 0.999898, 0.000028, 0.000008, 1, 1575422430.4882934,
00001, 00482, 0.000001, 0.000063, 0.999899, 0.000029, 0.000008, 1, 1575422454.9837875,
00001, 00483, 0.000001, 0.000064, 0.999898, 0.000028, 0.000008, 1, 1575422479.895099,
00001, 00484, 0.000001, 0.000074, 0.999890, 0.000027, 0.000008, 1, 1575422504.9727297,
00001, 00485, 0.000002, 0.000037, 0.999905, 0.000037, 0.000019, 1, 1575422531.256261,
00001, 00486, 0.000002, 0.000034, 0.999909, 0.000037, 0.000019, 1, 1575422559.658926,
00001, 00487, 0.000003, 0.000030, 0.999667, 0.000205, 0.000094, 1, 1575422585.309879,
00001, 00488, 0.000007, 0.000055, 0.998102, 0.001415, 0.000421, 1, 1575422611.7097208,
00001, 00489, 0.000002, 0.000033, 0.999817, 0.000111, 0.000037, 1, 1575422638.1475463,
00001, 00490, 0.000003, 0.000032, 0.999747, 0.000160, 0.000057, 1, 1575422664.0307653,
00001, 00491, 0.000001, 0.000058, 0.999902, 0.000030, 0.000009, 1, 1575422690.5225043,
00001, 00492, 0.000001, 0.000054, 0.999904, 0.000032, 0.000009, 1, 1575422715.7989962,
00001, 00493, 0.000001, 0.000065, 0.999897, 0.000028, 0.000008, 1, 1575422741.0263507,
00001, 00494, 0.000003, 0.000034, 0.999673, 0.000213, 0.000076, 1, 1575422765.7696245,
00001, 00495, 0.000001, 0.000065, 0.999897, 0.000028, 0.000008, 1, 1575422791.0554886,
00001, 00496, 0.000001, 0.000063, 0.999899, 0.000028, 0.000008, 1, 1575422816.0022838,
00001, 00497, 0.000001, 0.000064, 0.999898, 0.000028, 0.000008, 1, 1575422840.6764255,
00001, 00498, 0.000001, 0.000063, 0.999899, 0.000029, 0.000008, 1, 1575422865.6981094,
00001, 00499, 0.000001, 0.000064, 0.999898, 0.000028, 0.000008, 1, 1575422890.628421,
00001, 00500, 0.000001, 0.000064, 0.999898, 0.000028, 0.000008, 1, 1575422914.7196512,
00001, 00501, 0.000001, 0.000063, 0.999899, 0.000029, 0.000008, 1, 1575422939.0531707,
00001, 00502, 0.000001, 0.000061, 0.999900, 0.000029, 0.000009, 1, 1575422963.5730302,
00001, 00503, 0.000001, 0.000064, 0.999898, 0.000028, 0.000008, 1, 1575422989.4285743,
00001, 00504, 0.000001, 0.000064, 0.999898, 0.000028, 0.000008, 1, 1575423014.5811253,
00001, 00505, 0.000001, 0.000074, 0.999890, 0.000027, 0.000008, 1, 1575423039.5106542,
00001, 00506, 0.000001, 0.000064, 0.999898, 0.000028, 0.000008, 1, 1575423064.6114435,
00001, 00507, 0.000001, 0.000065, 0.999898, 0.000028, 0.000008, 1, 1575423089.9758925,
00001, 00508, 0.000001, 0.000060, 0.999900, 0.000029, 0.000009, 1, 1575423115.4420846,
00001, 00509, 0.000001, 0.000063, 0.999898, 0.000028, 0.000008, 1, 1575423140.02216,
00001, 00510, 0.000001, 0.000069, 0.999894, 0.000028, 0.000008, 1, 1575423165.271839,
00001, 00511, 0.000001, 0.000072, 0.999891, 0.000027, 0.000008, 1, 1575423191.3698876,
00001, 00512, 0.000001, 0.000065, 0.999897, 0.000028, 0.000008, 1, 1575423217.3077304,
00001, 00513, 0.000001, 0.000065, 0.999897, 0.000028, 0.000008, 1, 1575423242.7819884,
00001, 00514, 0.000001, 0.000066, 0.999896, 0.000028, 0.000008, 1, 1575423267.8530455,
00001, 00515, 0.000001, 0.000060, 0.999901, 0.000029, 0.000009, 1, 1575423293.1757278,
00001, 00516, 0.000001, 0.000063, 0.999899, 0.000028, 0.000008, 1, 1575423317.8270981,
00001, 00517, 0.000001, 0.000064, 0.999898, 0.000028, 0.000008, 1, 1575423343.2325988,
00001, 00518, 0.000002, 0.000036, 0.999912, 0.000035, 0.000015, 1, 1575423370.5920706,
00001, 00519, 0.000002, 0.000027, 0.999862, 0.000072, 0.000036, 1, 1575423395.4225051,
00001, 00520, 0.000003, 0.000027, 0.999828, 0.000093, 0.000049, 1, 1575423420.4612815,
00001, 00521, 0.000002, 0.000033, 0.999851, 0.000086, 0.000027, 1, 1575423447.4141555,
00001, 00522, 0.000015, 0.000070, 0.989009, 0.008775, 0.002131, 1, 1575423472.8127177,
00001, 00523, 0.000002, 0.000038, 0.999884, 0.000058, 0.000017, 1, 1575423498.0681372,
00001, 00524, 0.000001, 0.000053, 0.999905, 0.000031, 0.000009, 1, 1575423524.8680134,
00001, 00525, 0.000001, 0.000051, 0.999905, 0.000033, 0.000010, 1, 1575423550.1902137,
00001, 00526, 0.000006, 0.000043, 0.998745, 0.000920, 0.000286, 1, 1575423577.7132952,
00001, 00527, 0.000003, 0.000033, 0.999803, 0.000120, 0.000042, 1, 1575423603.571952,
00001, 00528, 0.000004, 0.000039, 0.999361, 0.000450, 0.000145, 1, 1575423630.0095074,
00001, 00529, 0.000003, 0.000032, 0.999817, 0.000111, 0.000038, 1, 1575423655.6714725,
00001, 00530, 0.000005, 0.000039, 0.999290, 0.000504, 0.000162, 1, 1575423682.412789,
00001, 00531, 0.000005, 0.000039, 0.999321, 0.000481, 0.000155, 1, 1575423708.8136103,
00001, 00532, 0.000004, 0.000039, 0.999352, 0.000457, 0.000147, 1, 1575423735.5073042,
00001, 00533, 0.000004, 0.000039, 0.999358, 0.000453, 0.000146, 1, 1575423762.0382838,
00001, 00534, 0.000005, 0.000039, 0.999322, 0.000480, 0.000155, 1, 1575423788.6537752,
00001, 00535, 0.000003, 0.000032, 0.999806, 0.000119, 0.000041, 1, 1575423814.4148107,
00001, 00536, 0.000004, 0.000039, 0.999353, 0.000457, 0.000147, 1, 1575423840.9051855,
00001, 00537, 0.000005, 0.000040, 0.999133, 0.000622, 0.000199, 1, 1575423867.4905236,
00001, 00538, 0.000002, 0.000032, 0.999832, 0.000099, 0.000034, 1, 1575423894.2296858,
00001, 00539, 0.000005, 0.000039, 0.999313, 0.000487, 0.000157, 1, 1575423921.0032763,
00001, 00540, 0.000005, 0.000039, 0.999298, 0.000498, 0.000161, 1, 1575423947.785461,
00001, 00541, 0.000003, 0.000033, 0.999804, 0.000120, 0.000041, 1, 1575423974.633068,
00001, 00542, 0.000005, 0.000040, 0.999271, 0.000518, 0.000167, 1, 1575424001.3510373,
00001, 00543, 0.000005, 0.000040, 0.999200, 0.000571, 0.000184, 1, 1575424027.4124959,
00001, 00544, 0.000003, 0.000033, 0.999800, 0.000123, 0.000042, 1, 1575424053.506065,
00001, 00545, 0.000003, 0.000033, 0.999804, 0.000120, 0.000041, 1, 1575424080.7607102,
00001, 00546, 0.000003, 0.000032, 0.999817, 0.000111, 0.000038, 1, 1575424115.3370814,
00001, 00547, 0.000005, 0.000039, 0.999287, 0.000506, 0.000163, 1, 1575424155.5619476,
00001, 00548, 0.000003, 0.000032, 0.999811, 0.000115, 0.000039, 1, 1575424187.2953146,
00001, 00549, 0.000003, 0.000033, 0.999795, 0.000127, 0.000043, 1, 1575424262.0053475,
00001, 00550, 0.000002, 0.000032, 0.999830, 0.000101, 0.000034, 1, 1575424338.1146753,
00001, 00551, 0.000002, 0.000061, 0.999875, 0.000039, 0.000023, 1, 1575424420.2409582,
00001, 00552, 0.000002, 0.000032, 0.999871, 0.000062, 0.000034, 1, 1575424973.4442225,
00001, 00553, 0.000001, 0.000068, 0.999895, 0.000027, 0.000010, 1, 1575425827.3213718,
